28.9739 	WARNING 	Monitor specification not found. Creating a temporary one...
28.9887 	WARNING 	Requested an unavailable screen number - using first available.
28.9900 	WARNING 	User requested fullscreen with size [800 600], but screen is actually [2240, 1260]. Using actual size
30.6325 	WARNING 	Couldn't measure a consistent frame rate!
  - Is your graphics card set to sync to vertical blank?
  - Are you running other processes on your computer?

30.6329 	EXP 	Created window1 = Window(allowGUI=True, allowStencil=False, autoLog=True, backendConf=UNKNOWN, backgroundFit=<method-wrapper '__getattribute__' of attributeSetter object at 0x1496de8f0>, backgroundImage=<method-wrapper '__getattribute__' of attributeSetter object at 0x1496de950>, bitsMode=UNKNOWN, blendMode='avg', bpc=(8, 8, 8), color=array([-1, -1, -1]), colorSpace='rgb', depthBits=8, fullscr=True, gamma=None, gammaErrorPolicy='raise', infoMsg=UNKNOWN, lms=UNKNOWN, monitor=<psychopy.monitors.calibTools.Monitor object at 0x13e9bacb0>, multiSample=False, name='window1', numSamples=2, pos=[np.float64(0.0), np.float64(0.0)], screen=1, size=array([4480, 2520]), stencilBits=0, stereo=False, title='PsychoPy', units='height', useFBO=False, useRetina=True, viewOri=0.0, viewPos=None, viewScale=None, waitBlanking=True, winType='pyglet')
30.6330 	EXP 	window1: backgroundImage = None
30.6330 	EXP 	window1: backgroundFit = 'cover'
30.6357 	EXP 	window1: Attempting to measure frame rate of screen (1) ...
30.6357 	EXP 	window1: recordFrameIntervals = False
30.7158 	EXP 	window1: recordFrameIntervals = True
31.5493 	WARNING 	Couldn't measure a consistent frame rate!
  - Is your graphics card set to sync to vertical blank?
  - Are you running other processes on your computer?

31.5794 	EXP 	Created unnamed TextStim = TextStim(__class__=<class 'psychopy.visual.text.TextStim'>, alignHoriz=method-wrapper(...), alignText='center', alignVert=method-wrapper(...), anchorHoriz='center', anchorVert='center', antialias=True, autoDraw=False, autoLog=True, bold=False, color=array([1., 1., 1.]), colorSpace='rgb', contrast=1.0, depth=0, draggable=False, flipHoriz=False, flipVert=False, font='', fontFiles=[], height=np.float64(0.04), italic=False, languageStyle='LTR', name='unnamed TextStim', opacity=1.0, ori=0.0, pos=array([ 0.  , -0.25]), rgb=UNKNOWN, text='Press the pointer button to continue.', units='height', win=Window(...), wrapWidth=1)
31.5825 	EXP 	Created unnamed TextStim = TextStim(__class__=<class 'psychopy.visual.text.TextStim'>, alignHoriz=method-wrapper(...), alignText='center', alignVert=method-wrapper(...), anchorHoriz='center', anchorVert='center', antialias=True, autoDraw=False, autoLog=True, bold=False, color=array([1., 1., 1.]), colorSpace='rgb', contrast=1.0, depth=0, draggable=False, flipHoriz=False, flipVert=False, font='', fontFiles=[], height=np.float64(0.08), italic=False, languageStyle='LTR', name='unnamed TextStim', opacity=1.0, ori=0.0, pos=array([0., 0.]), rgb=UNKNOWN, text='+', units='height', win=Window(...), wrapWidth=1)
31.5881 	EXP 	Created unnamed TextStim = TextStim(__class__=<class 'psychopy.visual.text.TextStim'>, alignHoriz=method-wrapper(...), alignText='center', alignVert=method-wrapper(...), anchorHoriz='center', anchorVert='center', antialias=True, autoDraw=False, autoLog=True, bold=False, color=array([1., 1., 1.]), colorSpace='rgb', contrast=1.0, depth=0, draggable=False, flipHoriz=False, flipVert=False, font='', fontFiles=[], height=np.float64(0.04), italic=False, languageStyle='LTR', name='unnamed TextStim', opacity=1.0, ori=0.0, pos=array([0., 0.]), rgb=UNKNOWN, text=str(...), units='height', win=Window(...), wrapWidth=0.8888888888888888)
31.5957 	EXP 	Created unnamed TextStim = TextStim(__class__=<class 'psychopy.visual.text.TextStim'>, alignHoriz=method-wrapper(...), alignText='center', alignVert=method-wrapper(...), anchorHoriz='center', anchorVert='center', antialias=True, autoDraw=False, autoLog=True, bold=False, color=array([1., 1., 1.]), colorSpace='rgb', contrast=1.0, depth=0, draggable=False, flipHoriz=False, flipVert=False, font='Arial', fontFiles=[], height=np.float64(0.04), italic=False, languageStyle='LTR', name='unnamed TextStim', opacity=1.0, ori=0.0, pos=array([0. , 0.1]), rgb=UNKNOWN, text='Hello World', units='height', win=Window(...), wrapWidth=0.8888888888888888)
31.6075 	EXP 	Created unnamed TextStim = TextStim(__class__=<class 'psychopy.visual.text.TextStim'>, alignHoriz=method-wrapper(...), alignText='center', alignVert=method-wrapper(...), anchorHoriz='center', anchorVert='center', antialias=True, autoDraw=False, autoLog=True, bold=False, color=array([1., 1., 1.]), colorSpace='rgb', contrast=1.0, depth=0, draggable=False, flipHoriz=False, flipVert=False, font='', fontFiles=[], height=np.float64(0.04), italic=False, languageStyle='LTR', name='unnamed TextStim', opacity=1.0, ori=0.0, pos=array([0., 0.]), rgb=UNKNOWN, text=str(...), units='height', win=Window(...), wrapWidth=0.8888888888888888)
31.6110 	EXP 	Created unnamed TextStim = TextStim(__class__=<class 'psychopy.visual.text.TextStim'>, alignHoriz=method-wrapper(...), alignText='center', alignVert=method-wrapper(...), anchorHoriz='center', anchorVert='center', antialias=True, autoDraw=False, autoLog=True, bold=False, color=array([1., 1., 1.]), colorSpace='rgb', contrast=1.0, depth=0, draggable=False, flipHoriz=False, flipVert=False, font='', fontFiles=[], height=np.float64(0.04), italic=False, languageStyle='LTR', name='unnamed TextStim', opacity=1.0, ori=0.0, pos=array([0., 0.]), rgb=UNKNOWN, text=str(...), units='height', win=Window(...), wrapWidth=1)
31.6153 	EXP 	Created unnamed TextStim = TextStim(__class__=<class 'psychopy.visual.text.TextStim'>, alignHoriz=method-wrapper(...), alignText='center', alignVert=method-wrapper(...), anchorHoriz='center', anchorVert='center', antialias=True, autoDraw=False, autoLog=True, bold=False, color=array([1., 1., 1.]), colorSpace='rgb', contrast=1.0, depth=0, draggable=False, flipHoriz=False, flipVert=False, font='', fontFiles=[], height=np.float64(0.04), italic=False, languageStyle='LTR', name='unnamed TextStim', opacity=1.0, ori=0.0, pos=array([0., 0.]), rgb=UNKNOWN, text=str(...), units='height', win=Window(...), wrapWidth=0.8888888888888888)
31.6492 	EXP 	Created unnamed ImageStim = ImageStim(__class__=<class 'psychopy.visual.image.ImageStim'>, anchor=('center', 'center'), autoLog=True, color=array([1., 1., 1.]), colorSpace='rgb', contrast=1.0, depth=0, draggable=False, flipHoriz=np.False_, flipVert=np.False_, image='../stimuli/reward_low_050_british.png', interpolate=False, mask=None, maskParams=None, name='unnamed ImageStim', opacity=1, ori=0.0, pos=array([0., 0.]), size=array([0.3, 0.3]), texRes=128, units='height', win=Window(...))
31.6560 	EXP 	Created unnamed ImageStim = ImageStim(__class__=<class 'psychopy.visual.image.ImageStim'>, anchor=('center', 'center'), autoLog=True, color=array([1., 1., 1.]), colorSpace='rgb', contrast=1.0, depth=0, draggable=False, flipHoriz=np.False_, flipVert=np.False_, image='../stimuli/reward_high_200_british.png', interpolate=False, mask=None, maskParams=None, name='unnamed ImageStim', opacity=1, ori=0.0, pos=array([0., 0.]), size=array([0.3, 0.3]), texRes=128, units='height', win=Window(...))
31.6632 	EXP 	Created unnamed ImageStim = ImageStim(__class__=<class 'psychopy.visual.image.ImageStim'>, anchor=('center', 'center'), autoLog=True, color=array([1., 1., 1.]), colorSpace='rgb', contrast=1.0, depth=0, draggable=False, flipHoriz=np.False_, flipVert=np.False_, image='../stimuli/reward_neut_0_british.png', interpolate=False, mask=None, maskParams=None, name='unnamed ImageStim', opacity=1, ori=0.0, pos=array([0., 0.]), size=array([0.3, 0.3]), texRes=128, units='height', win=Window(...))
31.6695 	EXP 	Created unnamed ImageStim = ImageStim(__class__=<class 'psychopy.visual.image.ImageStim'>, anchor=('center', 'center'), autoLog=True, color=array([1., 1., 1.]), colorSpace='rgb', contrast=1.0, depth=0, draggable=False, flipHoriz=np.False_, flipVert=np.False_, image='../stimuli/loss_low_050_british.png', interpolate=False, mask=None, maskParams=None, name='unnamed ImageStim', opacity=1, ori=0.0, pos=array([0., 0.]), size=array([0.3, 0.3]), texRes=128, units='height', win=Window(...))
31.6764 	EXP 	Created unnamed ImageStim = ImageStim(__class__=<class 'psychopy.visual.image.ImageStim'>, anchor=('center', 'center'), autoLog=True, color=array([1., 1., 1.]), colorSpace='rgb', contrast=1.0, depth=0, draggable=False, flipHoriz=np.False_, flipVert=np.False_, image='../stimuli/loss_high_200_british.png', interpolate=False, mask=None, maskParams=None, name='unnamed ImageStim', opacity=1, ori=0.0, pos=array([0., 0.]), size=array([0.3, 0.3]), texRes=128, units='height', win=Window(...))
31.6825 	EXP 	Created unnamed ImageStim = ImageStim(__class__=<class 'psychopy.visual.image.ImageStim'>, anchor=('center', 'center'), autoLog=True, color=array([1., 1., 1.]), colorSpace='rgb', contrast=1.0, depth=0, draggable=False, flipHoriz=np.False_, flipVert=np.False_, image='../stimuli/loss_neut_0_british.png', interpolate=False, mask=None, maskParams=None, name='unnamed ImageStim', opacity=1, ori=0.0, pos=array([0., 0.]), size=array([0.3, 0.3]), texRes=128, units='height', win=Window(...))
31.6889 	EXP 	Created unnamed Polygon = Polygon(__class__=<class 'psychopy.visual.polygon.Polygon'>, anchor=('center', 'center'), autoDraw=False, autoLog=True, closeShape=True, color=method-wrapper(...), colorSpace='rgb', contrast=None, depth=0, draggable=False, fillColor=array([1, 1, 1]), fillColorSpace='rgb', fillRGB=array([1, 1, 1]), interpolate=True, lineColor=array([1., 1., 1.]), lineColorSpace='rgb', lineRGB=array([1, 1, 1]), lineWidth=1.5, name='unnamed Polygon', opacity=1, ori=0.0, pos=array([0., 0.]), size=array([1., 1.]), units='height', vertices=ndarray(...), win=Window(...), windingRule=None)
31.6926 	EXP 	Created trial_feedback = TextStim(__class__=<class 'psychopy.visual.text.TextStim'>, alignHoriz=method-wrapper(...), alignText='center', alignVert=method-wrapper(...), anchorHoriz='center', anchorVert='center', antialias=True, autoDraw=False, autoLog=True, bold=False, color=array([1., 1., 1.]), colorSpace='rgb', contrast=1.0, depth=0, draggable=False, flipHoriz=False, flipVert=False, font='Arial', fontFiles=[], height=np.float64(0.09), italic=False, languageStyle='LTR', name='trial_feedback', opacity=1, ori=0, pos=array([0., 0.]), rgb=UNKNOWN, text='Trial:', units='height', win=Window(...), wrapWidth=1)
31.6965 	EXP 	Created exp_feedback = TextStim(__class__=<class 'psychopy.visual.text.TextStim'>, alignHoriz=method-wrapper(...), alignText='center', alignVert=method-wrapper(...), anchorHoriz='center', anchorVert='center', antialias=True, autoDraw=False, autoLog=True, bold=False, color=array([1., 1., 1.]), colorSpace='rgb', contrast=1.0, depth=0, draggable=False, flipHoriz=False, flipVert=False, font='Arial', fontFiles=[], height=np.float64(0.09), italic=False, languageStyle='LTR', name='exp_feedback', opacity=1, ori=0, pos=array([ 0.    , -0.0625]), rgb=UNKNOWN, text='Total:', units='height', win=Window(...), wrapWidth=1)
31.7013 	EXP 	Created unnamed TextStim = TextStim(__class__=<class 'psychopy.visual.text.TextStim'>, alignHoriz=method-wrapper(...), alignText='center', alignVert=method-wrapper(...), anchorHoriz='center', anchorVert='center', antialias=True, autoDraw=False, autoLog=True, bold=False, color=array([1., 1., 1.]), colorSpace='rgb', contrast=1.0, depth=0, draggable=False, flipHoriz=False, flipVert=False, font='', fontFiles=[], height=np.float64(0.04), italic=False, languageStyle='LTR', name='unnamed TextStim', opacity=1.0, ori=0.0, pos=array([0., 0.]), rgb=UNKNOWN, text=str(...), units='height', win=Window(...), wrapWidth=1)
31.7056 	EXP 	Created unnamed TextStim = TextStim(__class__=<class 'psychopy.visual.text.TextStim'>, alignHoriz=method-wrapper(...), alignText='center', alignVert=method-wrapper(...), anchorHoriz='center', anchorVert='center', antialias=True, autoDraw=False, autoLog=True, bold=False, color=array([1., 1., 1.]), colorSpace='rgb', contrast=1.0, depth=0, draggable=False, flipHoriz=False, flipVert=False, font='', fontFiles=[], height=np.float64(0.04), italic=False, languageStyle='LTR', name='unnamed TextStim', opacity=1.0, ori=0.0, pos=array([0., 0.]), rgb=UNKNOWN, text=str(...), units='height', win=Window(...), wrapWidth=1)
31.7100 	EXP 	Created unnamed TextStim = TextStim(__class__=<class 'psychopy.visual.text.TextStim'>, alignHoriz=method-wrapper(...), alignText='center', alignVert=method-wrapper(...), anchorHoriz='center', anchorVert='center', antialias=True, autoDraw=False, autoLog=True, bold=False, color=array([1., 1., 1.]), colorSpace='rgb', contrast=1.0, depth=0, draggable=False, flipHoriz=False, flipVert=False, font='', fontFiles=[], height=np.float64(0.04), italic=False, languageStyle='LTR', name='unnamed TextStim', opacity=1.0, ori=0.0, pos=array([0., 0.]), rgb=UNKNOWN, text=str(...), units='height', win=Window(...), wrapWidth=1)
31.7141 	EXP 	Created unnamed TextStim = TextStim(__class__=<class 'psychopy.visual.text.TextStim'>, alignHoriz=method-wrapper(...), alignText='center', alignVert=method-wrapper(...), anchorHoriz='center', anchorVert='center', antialias=True, autoDraw=False, autoLog=True, bold=False, color=array([1., 1., 1.]), colorSpace='rgb', contrast=1.0, depth=0, draggable=False, flipHoriz=False, flipVert=False, font='', fontFiles=[], height=np.float64(0.04), italic=False, languageStyle='LTR', name='unnamed TextStim', opacity=1.0, ori=0.0, pos=array([0., 0.]), rgb=UNKNOWN, text=str(...), units='height', win=Window(...), wrapWidth=1)
31.7159 	EXP 	Created unnamed TextStim = TextStim(__class__=<class 'psychopy.visual.text.TextStim'>, alignHoriz=method-wrapper(...), alignText='center', alignVert=method-wrapper(...), anchorHoriz='center', anchorVert='center', antialias=True, autoDraw=False, autoLog=True, bold=False, color=array([1., 1., 1.]), colorSpace='rgb', contrast=1.0, depth=0, draggable=False, flipHoriz=False, flipVert=False, font='', fontFiles=[], height=np.float64(0.04), italic=False, languageStyle='LTR', name='unnamed TextStim', opacity=1.0, ori=0.0, pos=array([0., 0.]), rgb=UNKNOWN, text='Get ready', units='height', win=Window(...), wrapWidth=1)
31.7175 	EXP 	Created unnamed TextStim = TextStim(__class__=<class 'psychopy.visual.text.TextStim'>, alignHoriz=method-wrapper(...), alignText='center', alignVert=method-wrapper(...), anchorHoriz='center', anchorVert='center', antialias=True, autoDraw=False, autoLog=True, bold=False, color=array([1., 1., 1.]), colorSpace='rgb', contrast=1.0, depth=0, draggable=False, flipHoriz=False, flipVert=False, font='', fontFiles=[], height=np.float64(0.04), italic=False, languageStyle='LTR', name='unnamed TextStim', opacity=1.0, ori=0.0, pos=array([0., 0.]), rgb=UNKNOWN, text='Please wait\n\n', units='height', win=Window(...), wrapWidth=1)
31.8232 	WARNING 	t of last frame was 274.00ms (=1/3)
31.8232 	EXP 	unnamed TextStim: height = np.float64(0.04)
31.8232 	EXP 	unnamed TextStim: height = np.float64(0.04)
31.8232 	EXP 	unnamed TextStim: height = np.float64(0.04)
31.8232 	EXP 	unnamed TextStim: text = 'Welcome to the triangle game!'
34.5508 	DATA 	Keypress: 6
34.5583 	WARNING 	t of last frame was 2735.07ms (=1/0)
34.5583 	EXP 	unnamed TextStim: height = np.float64(0.04)
34.5583 	EXP 	unnamed TextStim: height = np.float64(0.04)
34.5583 	EXP 	unnamed TextStim: height = np.float64(0.04)
34.5583 	EXP 	unnamed TextStim: text = 'First you will see a cross in the middle of the screen, like this:\n\n+\n\nThis means you should focus on the screen and get ready to play. '
38.2395 	EXP 	Created unnamed Polygon = Polygon(__class__=<class 'psychopy.visual.polygon.Polygon'>, anchor=('center', 'center'), autoDraw=False, autoLog=True, closeShape=True, color=method-wrapper(...), colorSpace='rgb', contrast=None, depth=0, draggable=False, fillColor=array([1, 1, 1]), fillColorSpace='rgb', fillRGB=array([1, 1, 1]), interpolate=True, lineColor=array([1., 1., 1.]), lineColorSpace='rgb', lineRGB=array([1, 1, 1]), lineWidth=1.5, name='unnamed Polygon', opacity=1, ori=0.0, pos=array([0. , 0.1]), size=array([1., 1.]), units='height', vertices=ndarray(...), win=Window(...), windingRule=None)
38.2577 	DATA 	Keypress: 6
38.2644 	WARNING 	t of last frame was 3706.11ms (=1/0)
38.2644 	EXP 	unnamed TextStim: height = np.float64(0.04)
38.2644 	EXP 	unnamed TextStim: height = np.float64(0.04)
38.2644 	EXP 	unnamed TextStim: height = np.float64(0.04)
38.2644 	EXP 	unnamed TextStim: text = 'Next, a small solid WHITE TRIANGLE will appear on the screen:\n\n \n\n \n\n \n\nPress the pointer button as fast as you can when you see the solid white triangle. '
40.6302 	DATA 	Keypress: 6
40.6360 	WARNING 	t of last frame was 2371.62ms (=1/0)
42.3116 	DATA 	Keypress: 6
42.3130 	DATA 	Keypress: return
42.3187 	WARNING 	Multiple dropped frames have occurred - I'll stop bothering you about them!
47.3153 	EXP 	unnamed Polygon: autoDraw = True
47.3153 	EXP 	unnamed Polygon: autoDraw = True
47.3192 	EXP 	unnamed Polygon: autoDraw = True
47.3324 	EXP 	unnamed Polygon: autoDraw = True
47.3370 	EXP 	unnamed Polygon: autoDraw = True
47.3492 	EXP 	unnamed Polygon: autoDraw = True
47.3543 	EXP 	unnamed Polygon: autoDraw = True
47.3656 	EXP 	unnamed Polygon: autoDraw = True
47.3707 	EXP 	unnamed Polygon: autoDraw = True
47.3826 	EXP 	unnamed Polygon: autoDraw = True
47.3880 	EXP 	unnamed Polygon: autoDraw = True
47.3992 	EXP 	unnamed Polygon: autoDraw = True
47.4049 	EXP 	unnamed Polygon: autoDraw = True
47.4155 	EXP 	unnamed Polygon: autoDraw = True
47.4201 	EXP 	unnamed Polygon: autoDraw = True
47.4324 	EXP 	unnamed Polygon: autoDraw = True
47.4492 	EXP 	unnamed Polygon: autoDraw = True
47.4547 	EXP 	unnamed Polygon: autoDraw = True
47.4659 	EXP 	unnamed Polygon: autoDraw = True
47.4709 	EXP 	unnamed Polygon: autoDraw = True
47.4823 	EXP 	unnamed Polygon: autoDraw = True
47.4877 	EXP 	unnamed Polygon: autoDraw = True
47.4991 	EXP 	unnamed Polygon: autoDraw = True
47.5034 	EXP 	unnamed Polygon: autoDraw = True
47.5159 	EXP 	unnamed Polygon: autoDraw = True
47.5195 	DATA 	Keypress: 6
47.5238 	EXP 	unnamed Polygon: autoDraw = True
47.5322 	EXP 	unnamed Polygon: autoDraw = True
47.5362 	EXP 	unnamed Polygon: autoDraw = True
47.5491 	EXP 	unnamed Polygon: autoDraw = True
47.5534 	EXP 	unnamed Polygon: autoDraw = True
47.5658 	EXP 	unnamed Polygon: autoDraw = True
47.5706 	EXP 	unnamed Polygon: autoDraw = True
47.5826 	EXP 	unnamed Polygon: autoDraw = True
47.5874 	EXP 	unnamed Polygon: autoDraw = True
47.5989 	EXP 	unnamed Polygon: autoDraw = True
47.6029 	EXP 	unnamed Polygon: autoDraw = True
47.6157 	EXP 	unnamed Polygon: autoDraw = True
47.6206 	EXP 	unnamed Polygon: autoDraw = True
47.6327 	EXP 	unnamed Polygon: autoDraw = True
47.6379 	EXP 	unnamed Polygon: autoDraw = True
47.6491 	EXP 	unnamed Polygon: autoDraw = True
47.6546 	EXP 	unnamed Polygon: autoDraw = True
47.6656 	EXP 	unnamed Polygon: autoDraw = True
47.6700 	EXP 	unnamed Polygon: autoDraw = True
47.6824 	EXP 	unnamed Polygon: autoDraw = True
47.6877 	EXP 	unnamed Polygon: autoDraw = True
47.6992 	EXP 	unnamed Polygon: autoDraw = True
47.7046 	EXP 	unnamed Polygon: autoDraw = True
47.7159 	EXP 	unnamed Polygon: autoDraw = True
47.7210 	EXP 	unnamed Polygon: autoDraw = True
47.7325 	EXP 	unnamed Polygon: autoDraw = True
47.7378 	EXP 	unnamed Polygon: autoDraw = True
47.7491 	EXP 	unnamed Polygon: autoDraw = True
47.7542 	EXP 	unnamed Polygon: autoDraw = True
47.7658 	EXP 	unnamed Polygon: autoDraw = True
47.7710 	EXP 	unnamed Polygon: autoDraw = True
47.7823 	EXP 	unnamed Polygon: autoDraw = True
47.7874 	EXP 	unnamed Polygon: autoDraw = True
47.7989 	EXP 	unnamed Polygon: autoDraw = True
47.8038 	EXP 	unnamed Polygon: autoDraw = True
47.8156 	EXP 	unnamed Polygon: autoDraw = True
47.8266 	EXP 	unnamed Polygon: autoDraw = False
58.2122 	DATA 	Keypress: 6
58.2538 	EXP 	unnamed TextStim: height = np.float64(0.04)
58.2538 	EXP 	unnamed TextStim: height = np.float64(0.04)
58.2538 	EXP 	unnamed TextStim: height = np.float64(0.04)
58.2538 	EXP 	unnamed TextStim: text = 'Instructions...\n\nYour goal is to make as much money as possible.\n\nRemember:\nWIN CIRCLES = win money\nLOSE SQUARES = lose money\n\nQUICKLY press the pointer button with your pointer finger when you see the solid white triangle.\n\nYou will get feedback on whether you pressed the pointer button in time and if you won or lost money.'
65.1007 	EXP 	Created unnamed TextStim = TextStim(__class__=<class 'psychopy.visual.text.TextStim'>, alignHoriz=method-wrapper(...), alignText='center', alignVert=method-wrapper(...), anchorHoriz='center', anchorVert='center', antialias=True, autoDraw=False, autoLog=True, bold=False, color=array([1., 1., 1.]), colorSpace='rgb', contrast=1.0, depth=0, draggable=False, flipHoriz=False, flipVert=False, font='', fontFiles=[], height=np.float64(0.08), italic=False, languageStyle='LTR', name='unnamed TextStim', opacity=1.0, ori=0.0, pos=array([-0.65,  0.15]), rgb=UNKNOWN, text='+', units='height', win=Window(...), wrapWidth=1)
65.1184 	EXP 	Created unnamed ImageStim = ImageStim(__class__=<class 'psychopy.visual.image.ImageStim'>, anchor=('center', 'center'), autoLog=True, color=array([1., 1., 1.]), colorSpace='rgb', contrast=1.0, depth=0, draggable=False, flipHoriz=np.False_, flipVert=np.False_, image='../stimuli/reward_high_200_british.png', interpolate=False, mask=None, maskParams=None, name='unnamed ImageStim', opacity=1, ori=0.0, pos=array([-0.35,  0.15]), size=array([0.2, 0.2]), texRes=128, units='height', win=Window(...))
65.1226 	EXP 	Created unnamed TextStim = TextStim(__class__=<class 'psychopy.visual.text.TextStim'>, alignHoriz=method-wrapper(...), alignText='center', alignVert=method-wrapper(...), anchorHoriz='center', anchorVert='center', antialias=True, autoDraw=False, autoLog=True, bold=False, color=array([1., 1., 1.]), colorSpace='rgb', contrast=1.0, depth=0, draggable=False, flipHoriz=False, flipVert=False, font='', fontFiles=[], height=np.float64(0.08), italic=False, languageStyle='LTR', name='unnamed TextStim', opacity=1.0, ori=0.0, pos=array([-0.15,  0.15]), rgb=UNKNOWN, text='+', units='height', win=Window(...), wrapWidth=1)
65.1259 	EXP 	Created unnamed Polygon = Polygon(__class__=<class 'psychopy.visual.polygon.Polygon'>, anchor=('center', 'center'), autoDraw=False, autoLog=True, closeShape=True, color=method-wrapper(...), colorSpace='rgb', contrast=None, depth=0, draggable=False, fillColor=array([1, 1, 1]), fillColorSpace='rgb', fillRGB=array([1, 1, 1]), interpolate=True, lineColor=array([1., 1., 1.]), lineColorSpace='rgb', lineRGB=array([1, 1, 1]), lineWidth=1.5, name='unnamed Polygon', opacity=1, ori=0.0, pos=array([0.15, 0.15]), size=array([1., 1.]), units='height', vertices=ndarray(...), win=Window(...), windingRule=None)
65.1284 	EXP 	Created unnamed TextStim = TextStim(__class__=<class 'psychopy.visual.text.TextStim'>, alignHoriz=method-wrapper(...), alignText='center', alignVert=method-wrapper(...), anchorHoriz='center', anchorVert='center', antialias=True, autoDraw=False, autoLog=True, bold=False, color=array([1., 1., 1.]), colorSpace='rgb', contrast=1.0, depth=0, draggable=False, flipHoriz=False, flipVert=False, font='', fontFiles=[], height=np.float64(0.08), italic=False, languageStyle='LTR', name='unnamed TextStim', opacity=1.0, ori=0.0, pos=array([0.35, 0.15]), rgb=UNKNOWN, text='+', units='height', win=Window(...), wrapWidth=1)
65.1349 	EXP 	Created unnamed TextStim = TextStim(__class__=<class 'psychopy.visual.text.TextStim'>, alignHoriz=method-wrapper(...), alignText='center', alignVert=method-wrapper(...), anchorHoriz='center', anchorVert='center', antialias=True, autoDraw=False, autoLog=True, bold=False, color=array([1., 1., 1.]), colorSpace='rgb', contrast=1.0, depth=0, draggable=False, flipHoriz=False, flipVert=False, font='', fontFiles=[], height=np.float64(0.08), italic=False, languageStyle='LTR', name='unnamed TextStim', opacity=1.0, ori=0.0, pos=array([0.65, 0.15]), rgb=UNKNOWN, text='Hit!\n+£2.00', units='height', win=Window(...), wrapWidth=1)
65.1351 	WARNING 	TextStim.alignHoriz is deprecated. Use alignText and anchorHoriz attributes instead
65.1413 	EXP 	Created unnamed TextStim = TextStim(__class__=<class 'psychopy.visual.text.TextStim'>, alignHoriz='center', alignText='center', alignVert=method-wrapper(...), anchorHoriz='center', anchorVert='center', antialias=True, autoDraw=False, autoLog=True, bold=False, color=array([1., 1., 1.]), colorSpace='rgb', contrast=1.0, depth=0, draggable=False, flipHoriz=False, flipVert=False, font='', fontFiles=[], height=np.float64(0.04), italic=False, languageStyle='LTR', name='unnamed TextStim', opacity=1.0, ori=0.0, pos=array([-0.65, -0.15]), rgb=UNKNOWN, text='Pay attention', units='height', win=Window(...), wrapWidth=0.1)
65.1415 	WARNING 	TextStim.alignHoriz is deprecated. Use alignText and anchorHoriz attributes instead
65.1464 	EXP 	Created unnamed TextStim = TextStim(__class__=<class 'psychopy.visual.text.TextStim'>, alignHoriz='center', alignText='center', alignVert=method-wrapper(...), anchorHoriz='center', anchorVert='center', antialias=True, autoDraw=False, autoLog=True, bold=False, color=array([1., 1., 1.]), colorSpace='rgb', contrast=1.0, depth=0, draggable=False, flipHoriz=False, flipVert=False, font='', fontFiles=[], height=np.float64(0.04), italic=False, languageStyle='LTR', name='unnamed TextStim', opacity=1.0, ori=0.0, pos=array([-0.35, -0.15]), rgb=UNKNOWN, text="Cue: don't respond yet", units='height', win=Window(...), wrapWidth=0.1)
65.1466 	WARNING 	TextStim.alignHoriz is deprecated. Use alignText and anchorHoriz attributes instead
65.1489 	EXP 	Created unnamed TextStim = TextStim(__class__=<class 'psychopy.visual.text.TextStim'>, alignHoriz='center', alignText='center', alignVert=method-wrapper(...), anchorHoriz='center', anchorVert='center', antialias=True, autoDraw=False, autoLog=True, bold=False, color=array([1., 1., 1.]), colorSpace='rgb', contrast=1.0, depth=0, draggable=False, flipHoriz=False, flipVert=False, font='', fontFiles=[], height=np.float64(0.04), italic=False, languageStyle='LTR', name='unnamed TextStim', opacity=1.0, ori=0.0, pos=array([-0.15, -0.15]), rgb=UNKNOWN, text='Pay attention', units='height', win=Window(...), wrapWidth=0.1)
65.1491 	WARNING 	TextStim.alignHoriz is deprecated. Use alignText and anchorHoriz attributes instead
65.1536 	EXP 	Created unnamed TextStim = TextStim(__class__=<class 'psychopy.visual.text.TextStim'>, alignHoriz='center', alignText='center', alignVert=method-wrapper(...), anchorHoriz='center', anchorVert='center', antialias=True, autoDraw=False, autoLog=True, bold=False, color=array([1., 1., 1.]), colorSpace='rgb', contrast=1.0, depth=0, draggable=False, flipHoriz=False, flipVert=False, font='', fontFiles=[], height=np.float64(0.04), italic=False, languageStyle='LTR', name='unnamed TextStim', opacity=1.0, ori=0.0, pos=array([ 0.15, -0.15]), rgb=UNKNOWN, text='Respond when solid triangle is on screen', units='height', win=Window(...), wrapWidth=0.1)
65.1537 	WARNING 	TextStim.alignHoriz is deprecated. Use alignText and anchorHoriz attributes instead
65.1557 	EXP 	Created unnamed TextStim = TextStim(__class__=<class 'psychopy.visual.text.TextStim'>, alignHoriz='center', alignText='center', alignVert=method-wrapper(...), anchorHoriz='center', anchorVert='center', antialias=True, autoDraw=False, autoLog=True, bold=False, color=array([1., 1., 1.]), colorSpace='rgb', contrast=1.0, depth=0, draggable=False, flipHoriz=False, flipVert=False, font='', fontFiles=[], height=np.float64(0.04), italic=False, languageStyle='LTR', name='unnamed TextStim', opacity=1.0, ori=0.0, pos=array([ 0.35, -0.15]), rgb=UNKNOWN, text='Pay attention', units='height', win=Window(...), wrapWidth=0.1)
65.1558 	WARNING 	TextStim.alignHoriz is deprecated. Use alignText and anchorHoriz attributes instead
65.1583 	EXP 	Created unnamed TextStim = TextStim(__class__=<class 'psychopy.visual.text.TextStim'>, alignHoriz='center', alignText='center', alignVert=method-wrapper(...), anchorHoriz='center', anchorVert='center', antialias=True, autoDraw=False, autoLog=True, bold=False, color=array([1., 1., 1.]), colorSpace='rgb', contrast=1.0, depth=0, draggable=False, flipHoriz=False, flipVert=False, font='', fontFiles=[], height=np.float64(0.04), italic=False, languageStyle='LTR', name='unnamed TextStim', opacity=1.0, ori=0.0, pos=array([ 0.65, -0.15]), rgb=UNKNOWN, text='Feedback', units='height', win=Window(...), wrapWidth=0.1)
65.1758 	DATA 	Keypress: 6
70.1158 	DATA 	Keypress: 6
72.8841 	DATA 	Keypress: 6
72.8865 	DATA 	Keypress: return
74.1216 	DATA 	Keypress: return
75.5860 	DATA 	Keypress: t
84.7652 	EXP 	unnamed Polygon: autoDraw = True
84.7652 	EXP 	unnamed Polygon: autoDraw = True
84.7700 	EXP 	unnamed Polygon: autoDraw = True
84.7821 	EXP 	unnamed Polygon: autoDraw = True
84.7866 	EXP 	unnamed Polygon: autoDraw = True
84.7987 	EXP 	unnamed Polygon: autoDraw = True
84.8033 	EXP 	unnamed Polygon: autoDraw = True
84.8155 	EXP 	unnamed Polygon: autoDraw = True
84.8201 	EXP 	unnamed Polygon: autoDraw = True
84.8321 	EXP 	unnamed Polygon: autoDraw = True
84.8373 	EXP 	unnamed Polygon: autoDraw = True
84.8487 	EXP 	unnamed Polygon: autoDraw = True
84.8533 	EXP 	unnamed Polygon: autoDraw = True
84.8654 	EXP 	unnamed Polygon: autoDraw = True
84.8706 	EXP 	unnamed Polygon: autoDraw = True
84.8821 	EXP 	unnamed Polygon: autoDraw = True
84.8872 	EXP 	unnamed Polygon: autoDraw = True
84.8987 	EXP 	unnamed Polygon: autoDraw = True
84.9031 	EXP 	unnamed Polygon: autoDraw = True
84.9154 	EXP 	unnamed Polygon: autoDraw = True
84.9205 	EXP 	unnamed Polygon: autoDraw = True
84.9322 	EXP 	unnamed Polygon: autoDraw = True
84.9372 	EXP 	unnamed Polygon: autoDraw = True
84.9487 	EXP 	unnamed Polygon: autoDraw = True
84.9537 	EXP 	unnamed Polygon: autoDraw = True
84.9655 	EXP 	unnamed Polygon: autoDraw = True
84.9748 	EXP 	unnamed Polygon: autoDraw = False
86.6041 	EXP 	trial_feedback: height = np.float64(0.09)
86.6041 	EXP 	trial_feedback: height = np.float64(0.09)
86.6041 	EXP 	trial_feedback: height = np.float64(0.09)
86.6041 	EXP 	trial_feedback: text = 'Miss!\n$0.00'
86.6041 	EXP 	trial_feedback: autoDraw = True
88.5851 	EXP 	trial_feedback: autoDraw = False
88.6031 	EXP 	trial_feedback: autoDraw = False
88.6031 	EXP 	exp_feedback: autoDraw = False
96.8488 	EXP 	unnamed Polygon: autoDraw = True
96.8488 	EXP 	unnamed Polygon: autoDraw = True
96.8533 	EXP 	unnamed Polygon: autoDraw = True
96.8654 	EXP 	unnamed Polygon: autoDraw = True
96.8703 	EXP 	unnamed Polygon: autoDraw = True
96.8822 	EXP 	unnamed Polygon: autoDraw = True
96.8871 	EXP 	unnamed Polygon: autoDraw = True
96.8987 	EXP 	unnamed Polygon: autoDraw = True
96.9041 	EXP 	unnamed Polygon: autoDraw = True
96.9154 	EXP 	unnamed Polygon: autoDraw = True
96.9208 	EXP 	unnamed Polygon: autoDraw = True
96.9321 	EXP 	unnamed Polygon: autoDraw = True
96.9372 	EXP 	unnamed Polygon: autoDraw = True
96.9488 	EXP 	unnamed Polygon: autoDraw = True
96.9537 	EXP 	unnamed Polygon: autoDraw = True
96.9655 	EXP 	unnamed Polygon: autoDraw = True
96.9703 	EXP 	unnamed Polygon: autoDraw = True
96.9820 	EXP 	unnamed Polygon: autoDraw = True
96.9873 	EXP 	unnamed Polygon: autoDraw = True
96.9987 	EXP 	unnamed Polygon: autoDraw = True
97.0037 	EXP 	unnamed Polygon: autoDraw = True
97.0154 	EXP 	unnamed Polygon: autoDraw = True
97.0205 	EXP 	unnamed Polygon: autoDraw = True
97.0321 	EXP 	unnamed Polygon: autoDraw = True
97.0365 	EXP 	unnamed Polygon: autoDraw = True
97.0491 	EXP 	unnamed Polygon: autoDraw = True
97.0583 	EXP 	unnamed Polygon: autoDraw = False
98.6197 	EXP 	trial_feedback: height = np.float64(0.09)
98.6197 	EXP 	trial_feedback: height = np.float64(0.09)
98.6197 	EXP 	trial_feedback: height = np.float64(0.09)
98.6197 	EXP 	trial_feedback: text = 'Miss!\n-$0.50'
98.6197 	EXP 	trial_feedback: autoDraw = True
100.6033 	EXP 	trial_feedback: autoDraw = False
100.6155 	EXP 	trial_feedback: autoDraw = False
100.6155 	EXP 	exp_feedback: autoDraw = False
110.6879 	EXP 	unnamed Polygon: autoDraw = True
110.6879 	EXP 	unnamed Polygon: autoDraw = True
110.6986 	EXP 	unnamed Polygon: autoDraw = True
110.7037 	EXP 	unnamed Polygon: autoDraw = True
110.7154 	EXP 	unnamed Polygon: autoDraw = True
110.7202 	EXP 	unnamed Polygon: autoDraw = True
110.7320 	EXP 	unnamed Polygon: autoDraw = True
110.7364 	EXP 	unnamed Polygon: autoDraw = True
110.7489 	EXP 	unnamed Polygon: autoDraw = True
110.7542 	EXP 	unnamed Polygon: autoDraw = True
110.7653 	EXP 	unnamed Polygon: autoDraw = True
110.7705 	EXP 	unnamed Polygon: autoDraw = True
110.7820 	EXP 	unnamed Polygon: autoDraw = True
110.7870 	EXP 	unnamed Polygon: autoDraw = True
110.7987 	EXP 	unnamed Polygon: autoDraw = True
110.8040 	EXP 	unnamed Polygon: autoDraw = True
110.8154 	EXP 	unnamed Polygon: autoDraw = True
110.8204 	EXP 	unnamed Polygon: autoDraw = True
110.8321 	EXP 	unnamed Polygon: autoDraw = True
110.8374 	EXP 	unnamed Polygon: autoDraw = True
110.8486 	EXP 	unnamed Polygon: autoDraw = True
110.8538 	EXP 	unnamed Polygon: autoDraw = True
110.8653 	EXP 	unnamed Polygon: autoDraw = True
110.8704 	EXP 	unnamed Polygon: autoDraw = True
110.8821 	EXP 	unnamed Polygon: autoDraw = True
110.8871 	EXP 	unnamed Polygon: autoDraw = True
110.8985 	EXP 	unnamed Polygon: autoDraw = False
112.6242 	EXP 	trial_feedback: height = np.float64(0.09)
112.6242 	EXP 	trial_feedback: height = np.float64(0.09)
112.6242 	EXP 	trial_feedback: height = np.float64(0.09)
112.6242 	EXP 	trial_feedback: text = 'Miss!\n$0.00'
112.6242 	EXP 	trial_feedback: autoDraw = True
114.6155 	EXP 	trial_feedback: autoDraw = False
114.6223 	EXP 	trial_feedback: autoDraw = False
114.6223 	EXP 	exp_feedback: autoDraw = False
120.8545 	EXP 	unnamed Polygon: autoDraw = True
120.8545 	EXP 	unnamed Polygon: autoDraw = True
120.8655 	EXP 	unnamed Polygon: autoDraw = True
120.8705 	EXP 	unnamed Polygon: autoDraw = True
120.8820 	EXP 	unnamed Polygon: autoDraw = True
120.8865 	EXP 	unnamed Polygon: autoDraw = True
120.8988 	EXP 	unnamed Polygon: autoDraw = True
120.9034 	EXP 	unnamed Polygon: autoDraw = True
120.9157 	EXP 	unnamed Polygon: autoDraw = True
120.9210 	EXP 	unnamed Polygon: autoDraw = True
120.9321 	EXP 	unnamed Polygon: autoDraw = True
120.9372 	EXP 	unnamed Polygon: autoDraw = True
120.9487 	EXP 	unnamed Polygon: autoDraw = True
120.9537 	EXP 	unnamed Polygon: autoDraw = True
120.9653 	EXP 	unnamed Polygon: autoDraw = True
120.9702 	EXP 	unnamed Polygon: autoDraw = True
120.9819 	EXP 	unnamed Polygon: autoDraw = True
120.9874 	EXP 	unnamed Polygon: autoDraw = True
120.9987 	EXP 	unnamed Polygon: autoDraw = True
121.0039 	EXP 	unnamed Polygon: autoDraw = True
121.0153 	EXP 	unnamed Polygon: autoDraw = True
121.0206 	EXP 	unnamed Polygon: autoDraw = True
121.0319 	EXP 	unnamed Polygon: autoDraw = True
121.0373 	EXP 	unnamed Polygon: autoDraw = True
121.0487 	EXP 	unnamed Polygon: autoDraw = True
121.0538 	EXP 	unnamed Polygon: autoDraw = True
121.0651 	EXP 	unnamed Polygon: autoDraw = False
122.6449 	EXP 	trial_feedback: height = np.float64(0.09)
122.6449 	EXP 	trial_feedback: height = np.float64(0.09)
122.6449 	EXP 	trial_feedback: height = np.float64(0.09)
122.6449 	EXP 	trial_feedback: text = 'Miss!\n-$2.00'
122.6449 	EXP 	trial_feedback: autoDraw = True
124.6363 	EXP 	trial_feedback: autoDraw = False
124.6489 	EXP 	trial_feedback: autoDraw = False
124.6489 	EXP 	exp_feedback: autoDraw = False
130.7486 	EXP 	unnamed Polygon: autoDraw = True
130.7486 	EXP 	unnamed Polygon: autoDraw = True
130.7531 	EXP 	unnamed Polygon: autoDraw = True
130.7655 	EXP 	unnamed Polygon: autoDraw = True
130.7703 	EXP 	unnamed Polygon: autoDraw = True
130.7821 	EXP 	unnamed Polygon: autoDraw = True
130.7875 	EXP 	unnamed Polygon: autoDraw = True
130.7987 	EXP 	unnamed Polygon: autoDraw = True
130.8043 	EXP 	unnamed Polygon: autoDraw = True
130.8154 	EXP 	unnamed Polygon: autoDraw = True
130.8206 	EXP 	unnamed Polygon: autoDraw = True
130.8318 	EXP 	unnamed Polygon: autoDraw = True
130.8371 	EXP 	unnamed Polygon: autoDraw = True
130.8487 	EXP 	unnamed Polygon: autoDraw = True
130.8536 	EXP 	unnamed Polygon: autoDraw = True
130.8654 	EXP 	unnamed Polygon: autoDraw = True
130.8704 	EXP 	unnamed Polygon: autoDraw = True
130.8820 	EXP 	unnamed Polygon: autoDraw = True
130.8870 	EXP 	unnamed Polygon: autoDraw = True
130.8986 	EXP 	unnamed Polygon: autoDraw = True
130.9039 	EXP 	unnamed Polygon: autoDraw = True
130.9154 	EXP 	unnamed Polygon: autoDraw = True
130.9199 	EXP 	unnamed Polygon: autoDraw = True
130.9321 	EXP 	unnamed Polygon: autoDraw = True
130.9374 	EXP 	unnamed Polygon: autoDraw = True
130.9490 	EXP 	unnamed Polygon: autoDraw = True
130.9542 	EXP 	unnamed Polygon: autoDraw = True
130.9654 	EXP 	unnamed Polygon: autoDraw = True
130.9753 	EXP 	unnamed Polygon: autoDraw = False
132.6581 	EXP 	trial_feedback: height = np.float64(0.09)
132.6581 	EXP 	trial_feedback: height = np.float64(0.09)
132.6581 	EXP 	trial_feedback: height = np.float64(0.09)
132.6581 	EXP 	trial_feedback: text = 'Miss!\n-$0.50'
132.6581 	EXP 	trial_feedback: autoDraw = True
134.6487 	EXP 	trial_feedback: autoDraw = False
134.6551 	EXP 	trial_feedback: autoDraw = False
134.6551 	EXP 	exp_feedback: autoDraw = False
141.1043 	EXP 	unnamed Polygon: autoDraw = True
141.1043 	EXP 	unnamed Polygon: autoDraw = True
141.1156 	EXP 	unnamed Polygon: autoDraw = True
141.1207 	EXP 	unnamed Polygon: autoDraw = True
141.1321 	EXP 	unnamed Polygon: autoDraw = True
141.1371 	EXP 	unnamed Polygon: autoDraw = True
141.1488 	EXP 	unnamed Polygon: autoDraw = True
141.1540 	EXP 	unnamed Polygon: autoDraw = True
141.1653 	EXP 	unnamed Polygon: autoDraw = True
141.1699 	EXP 	unnamed Polygon: autoDraw = True
141.1824 	EXP 	unnamed Polygon: autoDraw = True
141.1884 	EXP 	unnamed Polygon: autoDraw = True
141.1992 	EXP 	unnamed Polygon: autoDraw = True
141.2044 	EXP 	unnamed Polygon: autoDraw = True
141.2153 	EXP 	unnamed Polygon: autoDraw = True
141.2204 	EXP 	unnamed Polygon: autoDraw = True
141.2319 	EXP 	unnamed Polygon: autoDraw = True
141.2371 	EXP 	unnamed Polygon: autoDraw = True
141.2486 	EXP 	unnamed Polygon: autoDraw = True
141.2529 	EXP 	unnamed Polygon: autoDraw = True
141.2653 	EXP 	unnamed Polygon: autoDraw = True
141.2696 	EXP 	unnamed Polygon: autoDraw = True
141.2824 	EXP 	unnamed Polygon: autoDraw = True
141.2876 	EXP 	unnamed Polygon: autoDraw = True
141.2989 	EXP 	unnamed Polygon: autoDraw = True
141.3032 	EXP 	unnamed Polygon: autoDraw = True
141.3157 	EXP 	unnamed Polygon: autoDraw = True
141.3207 	EXP 	unnamed Polygon: autoDraw = True
141.3319 	EXP 	unnamed Polygon: autoDraw = False
142.6583 	EXP 	trial_feedback: height = np.float64(0.09)
142.6583 	EXP 	trial_feedback: height = np.float64(0.09)
142.6583 	EXP 	trial_feedback: height = np.float64(0.09)
142.6583 	EXP 	trial_feedback: text = 'Miss!\n$0.00'
142.6583 	EXP 	trial_feedback: autoDraw = True
144.6487 	EXP 	trial_feedback: autoDraw = False
144.6653 	EXP 	trial_feedback: autoDraw = False
144.6653 	EXP 	exp_feedback: autoDraw = False
154.9373 	EXP 	unnamed Polygon: autoDraw = True
154.9373 	EXP 	unnamed Polygon: autoDraw = True
154.9487 	EXP 	unnamed Polygon: autoDraw = True
154.9534 	EXP 	unnamed Polygon: autoDraw = True
154.9654 	EXP 	unnamed Polygon: autoDraw = True
154.9703 	EXP 	unnamed Polygon: autoDraw = True
154.9820 	EXP 	unnamed Polygon: autoDraw = True
154.9871 	EXP 	unnamed Polygon: autoDraw = True
154.9987 	EXP 	unnamed Polygon: autoDraw = True
155.0042 	EXP 	unnamed Polygon: autoDraw = True
155.0154 	EXP 	unnamed Polygon: autoDraw = True
155.0207 	EXP 	unnamed Polygon: autoDraw = True
155.0320 	EXP 	unnamed Polygon: autoDraw = True
155.0374 	EXP 	unnamed Polygon: autoDraw = True
155.0488 	EXP 	unnamed Polygon: autoDraw = True
155.0540 	EXP 	unnamed Polygon: autoDraw = True
155.0654 	EXP 	unnamed Polygon: autoDraw = True
155.0703 	EXP 	unnamed Polygon: autoDraw = True
155.0820 	EXP 	unnamed Polygon: autoDraw = True
155.0873 	EXP 	unnamed Polygon: autoDraw = True
155.0988 	EXP 	unnamed Polygon: autoDraw = True
155.1038 	EXP 	unnamed Polygon: autoDraw = True
155.1153 	EXP 	unnamed Polygon: autoDraw = True
155.1203 	EXP 	unnamed Polygon: autoDraw = True
155.1321 	EXP 	unnamed Polygon: autoDraw = True
155.1367 	EXP 	unnamed Polygon: autoDraw = True
155.1486 	EXP 	unnamed Polygon: autoDraw = False
156.6700 	EXP 	trial_feedback: text = 'Miss!\n$0.00'
156.6700 	EXP 	trial_feedback: autoDraw = True
158.6654 	EXP 	trial_feedback: autoDraw = False
158.6716 	EXP 	trial_feedback: autoDraw = False
158.6716 	EXP 	exp_feedback: autoDraw = False
164.7546 	EXP 	unnamed Polygon: autoDraw = True
164.7546 	EXP 	unnamed Polygon: autoDraw = True
164.7652 	EXP 	unnamed Polygon: autoDraw = True
164.7697 	EXP 	unnamed Polygon: autoDraw = True
164.7819 	EXP 	unnamed Polygon: autoDraw = True
164.7868 	EXP 	unnamed Polygon: autoDraw = True
164.7986 	EXP 	unnamed Polygon: autoDraw = True
164.8034 	EXP 	unnamed Polygon: autoDraw = True
164.8152 	EXP 	unnamed Polygon: autoDraw = True
164.8203 	EXP 	unnamed Polygon: autoDraw = True
164.8319 	EXP 	unnamed Polygon: autoDraw = True
164.8369 	EXP 	unnamed Polygon: autoDraw = True
164.8487 	EXP 	unnamed Polygon: autoDraw = True
164.8534 	EXP 	unnamed Polygon: autoDraw = True
164.8653 	EXP 	unnamed Polygon: autoDraw = True
164.8703 	EXP 	unnamed Polygon: autoDraw = True
164.8820 	EXP 	unnamed Polygon: autoDraw = True
164.8874 	EXP 	unnamed Polygon: autoDraw = True
164.8988 	EXP 	unnamed Polygon: autoDraw = True
164.9040 	EXP 	unnamed Polygon: autoDraw = True
164.9154 	EXP 	unnamed Polygon: autoDraw = True
164.9213 	EXP 	unnamed Polygon: autoDraw = True
164.9319 	EXP 	unnamed Polygon: autoDraw = True
164.9369 	EXP 	unnamed Polygon: autoDraw = True
164.9486 	EXP 	unnamed Polygon: autoDraw = True
164.9531 	EXP 	unnamed Polygon: autoDraw = True
164.9653 	EXP 	unnamed Polygon: autoDraw = True
164.9706 	EXP 	unnamed Polygon: autoDraw = True
164.9821 	EXP 	unnamed Polygon: autoDraw = True
164.9878 	EXP 	unnamed Polygon: autoDraw = True
164.9986 	EXP 	unnamed Polygon: autoDraw = True
165.0078 	EXP 	unnamed Polygon: autoDraw = False
166.6815 	EXP 	trial_feedback: height = np.float64(0.09)
166.6815 	EXP 	trial_feedback: height = np.float64(0.09)
166.6815 	EXP 	trial_feedback: height = np.float64(0.09)
166.6815 	EXP 	trial_feedback: text = 'Miss!\n-$0.50'
166.6815 	EXP 	trial_feedback: autoDraw = True
168.6696 	EXP 	trial_feedback: autoDraw = False
168.6883 	EXP 	trial_feedback: autoDraw = False
168.6883 	EXP 	exp_feedback: autoDraw = False
174.9044 	EXP 	unnamed Polygon: autoDraw = True
174.9044 	EXP 	unnamed Polygon: autoDraw = True
174.9155 	EXP 	unnamed Polygon: autoDraw = True
174.9209 	EXP 	unnamed Polygon: autoDraw = True
174.9322 	EXP 	unnamed Polygon: autoDraw = True
174.9367 	EXP 	unnamed Polygon: autoDraw = True
174.9486 	EXP 	unnamed Polygon: autoDraw = True
174.9531 	EXP 	unnamed Polygon: autoDraw = True
174.9655 	EXP 	unnamed Polygon: autoDraw = True
174.9706 	EXP 	unnamed Polygon: autoDraw = True
174.9820 	EXP 	unnamed Polygon: autoDraw = True
174.9869 	EXP 	unnamed Polygon: autoDraw = True
174.9986 	EXP 	unnamed Polygon: autoDraw = True
175.0041 	EXP 	unnamed Polygon: autoDraw = True
175.0153 	EXP 	unnamed Polygon: autoDraw = True
175.0206 	EXP 	unnamed Polygon: autoDraw = True
175.0321 	EXP 	unnamed Polygon: autoDraw = True
175.0372 	EXP 	unnamed Polygon: autoDraw = True
175.0487 	EXP 	unnamed Polygon: autoDraw = True
175.0530 	EXP 	unnamed Polygon: autoDraw = True
175.0652 	EXP 	unnamed Polygon: autoDraw = True
175.0697 	EXP 	unnamed Polygon: autoDraw = True
175.0819 	EXP 	unnamed Polygon: autoDraw = True
175.0869 	EXP 	unnamed Polygon: autoDraw = True
175.0988 	EXP 	unnamed Polygon: autoDraw = True
175.1038 	EXP 	unnamed Polygon: autoDraw = True
175.1155 	EXP 	unnamed Polygon: autoDraw = True
175.1211 	EXP 	unnamed Polygon: autoDraw = True
175.1318 	EXP 	unnamed Polygon: autoDraw = False
176.6982 	EXP 	trial_feedback: height = np.float64(0.09)
176.6982 	EXP 	trial_feedback: height = np.float64(0.09)
176.6982 	EXP 	trial_feedback: height = np.float64(0.09)
176.6982 	EXP 	trial_feedback: text = 'Miss!\n$0.00'
176.6982 	EXP 	trial_feedback: autoDraw = True
178.6861 	EXP 	trial_feedback: autoDraw = False
178.7057 	EXP 	trial_feedback: autoDraw = False
178.7057 	EXP 	exp_feedback: autoDraw = False
185.1715 	EXP 	unnamed Polygon: autoDraw = True
185.1715 	EXP 	unnamed Polygon: autoDraw = True
185.1820 	EXP 	unnamed Polygon: autoDraw = True
185.1868 	EXP 	unnamed Polygon: autoDraw = True
185.1986 	EXP 	unnamed Polygon: autoDraw = True
185.2030 	EXP 	unnamed Polygon: autoDraw = True
185.2154 	EXP 	unnamed Polygon: autoDraw = True
185.2198 	EXP 	unnamed Polygon: autoDraw = True
185.2322 	EXP 	unnamed Polygon: autoDraw = True
185.2376 	EXP 	unnamed Polygon: autoDraw = True
185.2486 	EXP 	unnamed Polygon: autoDraw = True
185.2536 	EXP 	unnamed Polygon: autoDraw = True
185.2653 	EXP 	unnamed Polygon: autoDraw = True
185.2705 	EXP 	unnamed Polygon: autoDraw = True
185.2820 	EXP 	unnamed Polygon: autoDraw = True
185.2868 	EXP 	unnamed Polygon: autoDraw = True
185.2987 	EXP 	unnamed Polygon: autoDraw = True
185.3036 	EXP 	unnamed Polygon: autoDraw = True
185.3154 	EXP 	unnamed Polygon: autoDraw = True
185.3203 	EXP 	unnamed Polygon: autoDraw = True
185.3321 	EXP 	unnamed Polygon: autoDraw = True
185.3376 	EXP 	unnamed Polygon: autoDraw = True
185.3488 	EXP 	unnamed Polygon: autoDraw = True
185.3541 	EXP 	unnamed Polygon: autoDraw = True
185.3655 	EXP 	unnamed Polygon: autoDraw = True
185.3705 	EXP 	unnamed Polygon: autoDraw = True
185.3820 	EXP 	unnamed Polygon: autoDraw = True
185.3872 	EXP 	unnamed Polygon: autoDraw = True
185.3988 	EXP 	unnamed Polygon: autoDraw = True
185.4037 	EXP 	unnamed Polygon: autoDraw = True
185.4153 	EXP 	unnamed Polygon: autoDraw = True
185.4200 	EXP 	unnamed Polygon: autoDraw = True
185.4321 	EXP 	unnamed Polygon: autoDraw = True
185.4406 	EXP 	unnamed Polygon: autoDraw = False
186.7252 	EXP 	trial_feedback: height = np.float64(0.09)
186.7252 	EXP 	trial_feedback: height = np.float64(0.09)
186.7252 	EXP 	trial_feedback: height = np.float64(0.09)
186.7252 	EXP 	trial_feedback: text = 'Miss!\n-$0.50'
186.7252 	EXP 	trial_feedback: autoDraw = True
188.7156 	EXP 	trial_feedback: autoDraw = False
188.7227 	EXP 	trial_feedback: autoDraw = False
188.7227 	EXP 	exp_feedback: autoDraw = False
199.0049 	EXP 	unnamed Polygon: autoDraw = True
199.0049 	EXP 	unnamed Polygon: autoDraw = True
199.0154 	EXP 	unnamed Polygon: autoDraw = True
199.0201 	EXP 	unnamed Polygon: autoDraw = True
199.0322 	EXP 	unnamed Polygon: autoDraw = True
199.0374 	EXP 	unnamed Polygon: autoDraw = True
199.0486 	EXP 	unnamed Polygon: autoDraw = True
199.0536 	EXP 	unnamed Polygon: autoDraw = True
199.0653 	EXP 	unnamed Polygon: autoDraw = True
199.0706 	EXP 	unnamed Polygon: autoDraw = True
199.0821 	EXP 	unnamed Polygon: autoDraw = True
199.0875 	EXP 	unnamed Polygon: autoDraw = True
199.0986 	EXP 	unnamed Polygon: autoDraw = True
199.1031 	EXP 	unnamed Polygon: autoDraw = True
199.1154 	EXP 	unnamed Polygon: autoDraw = True
199.1206 	EXP 	unnamed Polygon: autoDraw = True
199.1322 	EXP 	unnamed Polygon: autoDraw = True
199.1372 	EXP 	unnamed Polygon: autoDraw = True
199.1487 	EXP 	unnamed Polygon: autoDraw = True
199.1537 	EXP 	unnamed Polygon: autoDraw = True
199.1652 	EXP 	unnamed Polygon: autoDraw = True
199.1700 	EXP 	unnamed Polygon: autoDraw = True
199.1821 	EXP 	unnamed Polygon: autoDraw = True
199.1871 	EXP 	unnamed Polygon: autoDraw = True
199.1987 	EXP 	unnamed Polygon: autoDraw = True
199.2036 	EXP 	unnamed Polygon: autoDraw = True
199.2152 	EXP 	unnamed Polygon: autoDraw = False
200.7254 	EXP 	trial_feedback: height = np.float64(0.09)
200.7254 	EXP 	trial_feedback: height = np.float64(0.09)
200.7254 	EXP 	trial_feedback: height = np.float64(0.09)
200.7254 	EXP 	trial_feedback: text = 'Miss!\n-$0.00'
200.7254 	EXP 	trial_feedback: autoDraw = True
202.7155 	EXP 	trial_feedback: autoDraw = False
202.7224 	EXP 	trial_feedback: autoDraw = False
202.7224 	EXP 	exp_feedback: autoDraw = False
210.8875 	EXP 	unnamed Polygon: autoDraw = True
210.8875 	EXP 	unnamed Polygon: autoDraw = True
210.8988 	EXP 	unnamed Polygon: autoDraw = True
210.9036 	EXP 	unnamed Polygon: autoDraw = True
210.9154 	EXP 	unnamed Polygon: autoDraw = True
210.9205 	EXP 	unnamed Polygon: autoDraw = True
210.9321 	EXP 	unnamed Polygon: autoDraw = True
210.9370 	EXP 	unnamed Polygon: autoDraw = True
210.9487 	EXP 	unnamed Polygon: autoDraw = True
210.9531 	EXP 	unnamed Polygon: autoDraw = True
210.9655 	EXP 	unnamed Polygon: autoDraw = True
210.9704 	EXP 	unnamed Polygon: autoDraw = True
210.9820 	EXP 	unnamed Polygon: autoDraw = True
210.9872 	EXP 	unnamed Polygon: autoDraw = True
210.9988 	EXP 	unnamed Polygon: autoDraw = True
211.0035 	EXP 	unnamed Polygon: autoDraw = True
211.0154 	EXP 	unnamed Polygon: autoDraw = True
211.0203 	EXP 	unnamed Polygon: autoDraw = True
211.0321 	EXP 	unnamed Polygon: autoDraw = True
211.0369 	EXP 	unnamed Polygon: autoDraw = True
211.0486 	EXP 	unnamed Polygon: autoDraw = True
211.0536 	EXP 	unnamed Polygon: autoDraw = True
211.0653 	EXP 	unnamed Polygon: autoDraw = True
211.0699 	EXP 	unnamed Polygon: autoDraw = True
211.0822 	EXP 	unnamed Polygon: autoDraw = True
211.0874 	EXP 	unnamed Polygon: autoDraw = True
211.0988 	EXP 	unnamed Polygon: autoDraw = True
211.1036 	EXP 	unnamed Polygon: autoDraw = True
211.1154 	EXP 	unnamed Polygon: autoDraw = True
211.1204 	EXP 	unnamed Polygon: autoDraw = True
211.1321 	EXP 	unnamed Polygon: autoDraw = True
211.1401 	EXP 	unnamed Polygon: autoDraw = False
212.7316 	EXP 	trial_feedback: height = np.float64(0.09)
212.7316 	EXP 	trial_feedback: height = np.float64(0.09)
212.7316 	EXP 	trial_feedback: height = np.float64(0.09)
212.7316 	EXP 	trial_feedback: text = 'Miss!\n$0.00'
212.7316 	EXP 	trial_feedback: autoDraw = True
214.7199 	EXP 	trial_feedback: autoDraw = False
214.7391 	EXP 	trial_feedback: autoDraw = False
214.7391 	EXP 	exp_feedback: autoDraw = False
224.8487 	EXP 	unnamed Polygon: autoDraw = True
224.8487 	EXP 	unnamed Polygon: autoDraw = True
224.8533 	EXP 	unnamed Polygon: autoDraw = True
224.8655 	EXP 	unnamed Polygon: autoDraw = True
224.8705 	EXP 	unnamed Polygon: autoDraw = True
224.8822 	EXP 	unnamed Polygon: autoDraw = True
224.8872 	EXP 	unnamed Polygon: autoDraw = True
224.8988 	EXP 	unnamed Polygon: autoDraw = True
224.9039 	EXP 	unnamed Polygon: autoDraw = True
224.9154 	EXP 	unnamed Polygon: autoDraw = True
224.9212 	EXP 	unnamed Polygon: autoDraw = True
224.9322 	EXP 	unnamed Polygon: autoDraw = True
224.9375 	EXP 	unnamed Polygon: autoDraw = True
224.9488 	EXP 	unnamed Polygon: autoDraw = True
224.9537 	EXP 	unnamed Polygon: autoDraw = True
224.9654 	EXP 	unnamed Polygon: autoDraw = True
224.9702 	EXP 	unnamed Polygon: autoDraw = True
224.9820 	EXP 	unnamed Polygon: autoDraw = True
224.9864 	EXP 	unnamed Polygon: autoDraw = True
224.9988 	EXP 	unnamed Polygon: autoDraw = True
225.0037 	EXP 	unnamed Polygon: autoDraw = True
225.0155 	EXP 	unnamed Polygon: autoDraw = True
225.0204 	EXP 	unnamed Polygon: autoDraw = True
225.0321 	EXP 	unnamed Polygon: autoDraw = True
225.0368 	EXP 	unnamed Polygon: autoDraw = True
225.0488 	EXP 	unnamed Polygon: autoDraw = True
225.0538 	EXP 	unnamed Polygon: autoDraw = True
225.0655 	EXP 	unnamed Polygon: autoDraw = True
225.0732 	EXP 	unnamed Polygon: autoDraw = False
226.7570 	EXP 	trial_feedback: height = np.float64(0.09)
226.7570 	EXP 	trial_feedback: height = np.float64(0.09)
226.7570 	EXP 	trial_feedback: height = np.float64(0.09)
226.7570 	EXP 	trial_feedback: text = 'Miss!\n-$2.00'
226.7570 	EXP 	trial_feedback: autoDraw = True
228.7491 	EXP 	trial_feedback: autoDraw = False
228.7560 	EXP 	trial_feedback: autoDraw = False
228.7560 	EXP 	exp_feedback: autoDraw = False
237.1206 	EXP 	unnamed Polygon: autoDraw = True
237.1206 	EXP 	unnamed Polygon: autoDraw = True
237.1321 	EXP 	unnamed Polygon: autoDraw = True
237.1366 	EXP 	unnamed Polygon: autoDraw = True
237.1489 	EXP 	unnamed Polygon: autoDraw = True
237.1547 	EXP 	unnamed Polygon: autoDraw = True
237.1655 	EXP 	unnamed Polygon: autoDraw = True
237.1704 	EXP 	unnamed Polygon: autoDraw = True
237.1822 	EXP 	unnamed Polygon: autoDraw = True
237.1875 	EXP 	unnamed Polygon: autoDraw = True
237.1988 	EXP 	unnamed Polygon: autoDraw = True
237.2042 	EXP 	unnamed Polygon: autoDraw = True
237.2154 	EXP 	unnamed Polygon: autoDraw = True
237.2202 	EXP 	unnamed Polygon: autoDraw = True
237.2321 	EXP 	unnamed Polygon: autoDraw = True
237.2363 	EXP 	unnamed Polygon: autoDraw = True
237.2488 	EXP 	unnamed Polygon: autoDraw = True
237.2533 	EXP 	unnamed Polygon: autoDraw = True
237.2653 	EXP 	unnamed Polygon: autoDraw = True
237.2698 	EXP 	unnamed Polygon: autoDraw = True
237.2821 	EXP 	unnamed Polygon: autoDraw = True
237.2870 	EXP 	unnamed Polygon: autoDraw = True
237.2988 	EXP 	unnamed Polygon: autoDraw = True
237.3033 	EXP 	unnamed Polygon: autoDraw = True
237.3154 	EXP 	unnamed Polygon: autoDraw = True
237.3204 	EXP 	unnamed Polygon: autoDraw = True
237.3321 	EXP 	unnamed Polygon: autoDraw = True
237.3373 	EXP 	unnamed Polygon: autoDraw = True
237.3488 	EXP 	unnamed Polygon: autoDraw = True
237.3539 	EXP 	unnamed Polygon: autoDraw = True
237.3654 	EXP 	unnamed Polygon: autoDraw = True
237.3698 	EXP 	unnamed Polygon: autoDraw = True
237.3822 	EXP 	unnamed Polygon: autoDraw = True
237.3901 	EXP 	unnamed Polygon: autoDraw = False
238.7753 	EXP 	trial_feedback: height = np.float64(0.09)
238.7753 	EXP 	trial_feedback: height = np.float64(0.09)
238.7753 	EXP 	trial_feedback: height = np.float64(0.09)
238.7753 	EXP 	trial_feedback: text = 'Miss!\n$0.00'
238.7753 	EXP 	trial_feedback: autoDraw = True
240.7656 	EXP 	trial_feedback: autoDraw = False
240.7719 	EXP 	trial_feedback: autoDraw = False
240.7719 	EXP 	exp_feedback: autoDraw = False
251.1488 	EXP 	unnamed Polygon: autoDraw = True
251.1488 	EXP 	unnamed Polygon: autoDraw = True
251.1538 	EXP 	unnamed Polygon: autoDraw = True
251.1655 	EXP 	unnamed Polygon: autoDraw = True
251.1708 	EXP 	unnamed Polygon: autoDraw = True
251.1820 	EXP 	unnamed Polygon: autoDraw = True
251.1873 	EXP 	unnamed Polygon: autoDraw = True
251.1988 	EXP 	unnamed Polygon: autoDraw = True
251.2040 	EXP 	unnamed Polygon: autoDraw = True
251.2154 	EXP 	unnamed Polygon: autoDraw = True
251.2207 	EXP 	unnamed Polygon: autoDraw = True
251.2320 	EXP 	unnamed Polygon: autoDraw = True
251.2369 	EXP 	unnamed Polygon: autoDraw = True
251.2488 	EXP 	unnamed Polygon: autoDraw = True
251.2537 	EXP 	unnamed Polygon: autoDraw = True
251.2655 	EXP 	unnamed Polygon: autoDraw = True
251.2705 	EXP 	unnamed Polygon: autoDraw = True
251.2821 	EXP 	unnamed Polygon: autoDraw = True
251.2872 	EXP 	unnamed Polygon: autoDraw = True
251.2989 	EXP 	unnamed Polygon: autoDraw = True
251.3037 	EXP 	unnamed Polygon: autoDraw = True
251.3155 	EXP 	unnamed Polygon: autoDraw = True
251.3206 	EXP 	unnamed Polygon: autoDraw = True
251.3322 	EXP 	unnamed Polygon: autoDraw = True
251.3370 	EXP 	unnamed Polygon: autoDraw = True
251.3488 	EXP 	unnamed Polygon: autoDraw = True
251.3537 	EXP 	unnamed Polygon: autoDraw = True
251.3655 	EXP 	unnamed Polygon: autoDraw = True
251.3700 	EXP 	unnamed Polygon: autoDraw = True
251.3822 	EXP 	unnamed Polygon: autoDraw = True
251.3908 	EXP 	unnamed Polygon: autoDraw = False
252.7817 	EXP 	trial_feedback: height = np.float64(0.09)
252.7817 	EXP 	trial_feedback: height = np.float64(0.09)
252.7817 	EXP 	trial_feedback: height = np.float64(0.09)
252.7817 	EXP 	trial_feedback: text = 'Miss!\n-$2.00'
252.7817 	EXP 	trial_feedback: autoDraw = True
254.7700 	EXP 	trial_feedback: autoDraw = False
254.7892 	EXP 	trial_feedback: autoDraw = False
254.7892 	EXP 	exp_feedback: autoDraw = False
262.9709 	EXP 	unnamed Polygon: autoDraw = True
262.9709 	EXP 	unnamed Polygon: autoDraw = True
262.9822 	EXP 	unnamed Polygon: autoDraw = True
262.9869 	EXP 	unnamed Polygon: autoDraw = True
262.9988 	EXP 	unnamed Polygon: autoDraw = True
263.0042 	EXP 	unnamed Polygon: autoDraw = True
263.0155 	EXP 	unnamed Polygon: autoDraw = True
263.0206 	EXP 	unnamed Polygon: autoDraw = True
263.0322 	EXP 	unnamed Polygon: autoDraw = True
263.0371 	EXP 	unnamed Polygon: autoDraw = True
263.0486 	EXP 	unnamed Polygon: autoDraw = True
263.0535 	EXP 	unnamed Polygon: autoDraw = True
263.0655 	EXP 	unnamed Polygon: autoDraw = True
263.0698 	EXP 	unnamed Polygon: autoDraw = True
263.0824 	EXP 	unnamed Polygon: autoDraw = True
263.0877 	EXP 	unnamed Polygon: autoDraw = True
263.0989 	EXP 	unnamed Polygon: autoDraw = True
263.1038 	EXP 	unnamed Polygon: autoDraw = True
263.1155 	EXP 	unnamed Polygon: autoDraw = True
263.1207 	EXP 	unnamed Polygon: autoDraw = True
263.1322 	EXP 	unnamed Polygon: autoDraw = True
263.1376 	EXP 	unnamed Polygon: autoDraw = True
263.1488 	EXP 	unnamed Polygon: autoDraw = True
263.1542 	EXP 	unnamed Polygon: autoDraw = True
263.1655 	EXP 	unnamed Polygon: autoDraw = True
263.1705 	EXP 	unnamed Polygon: autoDraw = True
263.1821 	EXP 	unnamed Polygon: autoDraw = True
263.1870 	EXP 	unnamed Polygon: autoDraw = True
263.1987 	EXP 	unnamed Polygon: autoDraw = True
263.2038 	EXP 	unnamed Polygon: autoDraw = True
263.2155 	EXP 	unnamed Polygon: autoDraw = True
263.2204 	EXP 	unnamed Polygon: autoDraw = True
263.2322 	EXP 	unnamed Polygon: autoDraw = True
263.2375 	EXP 	unnamed Polygon: autoDraw = True
263.2489 	EXP 	unnamed Polygon: autoDraw = True
263.2589 	EXP 	unnamed Polygon: autoDraw = False
264.8094 	EXP 	trial_feedback: height = np.float64(0.09)
264.8094 	EXP 	trial_feedback: height = np.float64(0.09)
264.8094 	EXP 	trial_feedback: height = np.float64(0.09)
264.8094 	EXP 	trial_feedback: text = 'Miss!\n$0.00'
264.8094 	EXP 	trial_feedback: autoDraw = True
266.7992 	EXP 	trial_feedback: autoDraw = False
266.8063 	EXP 	trial_feedback: autoDraw = False
266.8063 	EXP 	exp_feedback: autoDraw = False
274.8378 	EXP 	unnamed Polygon: autoDraw = True
274.8378 	EXP 	unnamed Polygon: autoDraw = True
274.8496 	EXP 	unnamed Polygon: autoDraw = True
274.8656 	EXP 	unnamed Polygon: autoDraw = True
274.8702 	EXP 	unnamed Polygon: autoDraw = True
274.8812 	EXP 	unnamed Polygon: autoDraw = True
274.8883 	EXP 	unnamed Polygon: autoDraw = True
274.8984 	EXP 	unnamed Polygon: autoDraw = True
274.9019 	EXP 	unnamed Polygon: autoDraw = True
274.9153 	EXP 	unnamed Polygon: autoDraw = True
274.9204 	EXP 	unnamed Polygon: autoDraw = True
274.9318 	EXP 	unnamed Polygon: autoDraw = True
274.9363 	EXP 	unnamed Polygon: autoDraw = True
274.9485 	EXP 	unnamed Polygon: autoDraw = True
274.9532 	EXP 	unnamed Polygon: autoDraw = True
274.9652 	EXP 	unnamed Polygon: autoDraw = True
274.9699 	EXP 	unnamed Polygon: autoDraw = True
274.9819 	EXP 	unnamed Polygon: autoDraw = True
274.9868 	EXP 	unnamed Polygon: autoDraw = True
274.9985 	EXP 	unnamed Polygon: autoDraw = True
275.0034 	EXP 	unnamed Polygon: autoDraw = True
275.0156 	EXP 	unnamed Polygon: autoDraw = True
275.0206 	EXP 	unnamed Polygon: autoDraw = True
275.0316 	EXP 	unnamed Polygon: autoDraw = True
275.0379 	EXP 	unnamed Polygon: autoDraw = True
275.0485 	EXP 	unnamed Polygon: autoDraw = True
275.0528 	EXP 	unnamed Polygon: autoDraw = True
275.0652 	EXP 	unnamed Polygon: autoDraw = True
275.0702 	EXP 	unnamed Polygon: autoDraw = True
275.0819 	EXP 	unnamed Polygon: autoDraw = True
275.0866 	EXP 	unnamed Polygon: autoDraw = True
275.0986 	EXP 	unnamed Polygon: autoDraw = True
275.1068 	EXP 	unnamed Polygon: autoDraw = False
276.8253 	EXP 	trial_feedback: height = np.float64(0.09)
276.8253 	EXP 	trial_feedback: height = np.float64(0.09)
276.8253 	EXP 	trial_feedback: height = np.float64(0.09)
276.8253 	EXP 	trial_feedback: text = 'Miss!\n-$2.00'
276.8253 	EXP 	trial_feedback: autoDraw = True
278.8158 	EXP 	trial_feedback: autoDraw = False
278.8225 	EXP 	trial_feedback: autoDraw = False
278.8225 	EXP 	exp_feedback: autoDraw = False
285.2208 	EXP 	unnamed Polygon: autoDraw = True
285.2208 	EXP 	unnamed Polygon: autoDraw = True
285.2321 	EXP 	unnamed Polygon: autoDraw = True
285.2367 	EXP 	unnamed Polygon: autoDraw = True
285.2490 	EXP 	unnamed Polygon: autoDraw = True
285.2545 	EXP 	unnamed Polygon: autoDraw = True
285.2654 	EXP 	unnamed Polygon: autoDraw = True
285.2700 	EXP 	unnamed Polygon: autoDraw = True
285.2824 	EXP 	unnamed Polygon: autoDraw = True
285.2876 	EXP 	unnamed Polygon: autoDraw = True
285.2990 	EXP 	unnamed Polygon: autoDraw = True
285.3043 	EXP 	unnamed Polygon: autoDraw = True
285.3156 	EXP 	unnamed Polygon: autoDraw = True
285.3207 	EXP 	unnamed Polygon: autoDraw = True
285.3321 	EXP 	unnamed Polygon: autoDraw = True
285.3373 	EXP 	unnamed Polygon: autoDraw = True
285.3488 	EXP 	unnamed Polygon: autoDraw = True
285.3540 	EXP 	unnamed Polygon: autoDraw = True
285.3656 	EXP 	unnamed Polygon: autoDraw = True
285.3708 	EXP 	unnamed Polygon: autoDraw = True
285.3821 	EXP 	unnamed Polygon: autoDraw = True
285.3869 	EXP 	unnamed Polygon: autoDraw = True
285.3988 	EXP 	unnamed Polygon: autoDraw = True
285.4032 	EXP 	unnamed Polygon: autoDraw = True
285.4146 	EXP 	unnamed Polygon: autoDraw = True
285.4224 	EXP 	unnamed Polygon: autoDraw = True
285.4321 	EXP 	unnamed Polygon: autoDraw = True
285.4361 	EXP 	unnamed Polygon: autoDraw = True
285.4488 	EXP 	unnamed Polygon: autoDraw = True
285.4571 	EXP 	unnamed Polygon: autoDraw = False
286.8588 	EXP 	trial_feedback: height = np.float64(0.09)
286.8588 	EXP 	trial_feedback: height = np.float64(0.09)
286.8588 	EXP 	trial_feedback: height = np.float64(0.09)
286.8588 	EXP 	trial_feedback: text = 'Miss!\n-$0.00'
286.8588 	EXP 	trial_feedback: autoDraw = True
288.8489 	EXP 	trial_feedback: autoDraw = False
288.8552 	EXP 	trial_feedback: autoDraw = False
288.8552 	EXP 	exp_feedback: autoDraw = False
299.1156 	EXP 	unnamed Polygon: autoDraw = True
299.1156 	EXP 	unnamed Polygon: autoDraw = True
299.1203 	EXP 	unnamed Polygon: autoDraw = True
299.1322 	EXP 	unnamed Polygon: autoDraw = True
299.1367 	EXP 	unnamed Polygon: autoDraw = True
299.1491 	EXP 	unnamed Polygon: autoDraw = True
299.1545 	EXP 	unnamed Polygon: autoDraw = True
299.1654 	EXP 	unnamed Polygon: autoDraw = True
299.1706 	EXP 	unnamed Polygon: autoDraw = True
299.1822 	EXP 	unnamed Polygon: autoDraw = True
299.1871 	EXP 	unnamed Polygon: autoDraw = True
299.1989 	EXP 	unnamed Polygon: autoDraw = True
299.2040 	EXP 	unnamed Polygon: autoDraw = True
299.2155 	EXP 	unnamed Polygon: autoDraw = True
299.2215 	EXP 	unnamed Polygon: autoDraw = True
299.2321 	EXP 	unnamed Polygon: autoDraw = True
299.2370 	EXP 	unnamed Polygon: autoDraw = True
299.2488 	EXP 	unnamed Polygon: autoDraw = True
299.2536 	EXP 	unnamed Polygon: autoDraw = True
299.2657 	EXP 	unnamed Polygon: autoDraw = True
299.2712 	EXP 	unnamed Polygon: autoDraw = True
299.2821 	EXP 	unnamed Polygon: autoDraw = True
299.2875 	EXP 	unnamed Polygon: autoDraw = True
299.2988 	EXP 	unnamed Polygon: autoDraw = True
299.3032 	EXP 	unnamed Polygon: autoDraw = True
299.3156 	EXP 	unnamed Polygon: autoDraw = True
299.3208 	EXP 	unnamed Polygon: autoDraw = True
299.3321 	EXP 	unnamed Polygon: autoDraw = True
299.3366 	EXP 	unnamed Polygon: autoDraw = True
299.3490 	EXP 	unnamed Polygon: autoDraw = True
299.3541 	EXP 	unnamed Polygon: autoDraw = True
299.3655 	EXP 	unnamed Polygon: autoDraw = True
299.3705 	EXP 	unnamed Polygon: autoDraw = True
299.3823 	EXP 	unnamed Polygon: autoDraw = True
299.3872 	EXP 	unnamed Polygon: autoDraw = True
299.3987 	EXP 	unnamed Polygon: autoDraw = False
300.8755 	EXP 	trial_feedback: height = np.float64(0.09)
300.8755 	EXP 	trial_feedback: height = np.float64(0.09)
300.8755 	EXP 	trial_feedback: height = np.float64(0.09)
300.8755 	EXP 	trial_feedback: text = 'Miss!\n-$2.00'
300.8755 	EXP 	trial_feedback: autoDraw = True
302.8658 	EXP 	trial_feedback: autoDraw = False
302.8720 	EXP 	trial_feedback: autoDraw = False
302.8720 	EXP 	exp_feedback: autoDraw = False
309.2990 	EXP 	unnamed Polygon: autoDraw = True
309.2990 	EXP 	unnamed Polygon: autoDraw = True
309.3043 	EXP 	unnamed Polygon: autoDraw = True
309.3156 	EXP 	unnamed Polygon: autoDraw = True
309.3208 	EXP 	unnamed Polygon: autoDraw = True
309.3323 	EXP 	unnamed Polygon: autoDraw = True
309.3374 	EXP 	unnamed Polygon: autoDraw = True
309.3489 	EXP 	unnamed Polygon: autoDraw = True
309.3538 	EXP 	unnamed Polygon: autoDraw = True
309.3656 	EXP 	unnamed Polygon: autoDraw = True
309.3710 	EXP 	unnamed Polygon: autoDraw = True
309.3823 	EXP 	unnamed Polygon: autoDraw = True
309.3876 	EXP 	unnamed Polygon: autoDraw = True
309.3989 	EXP 	unnamed Polygon: autoDraw = True
309.4036 	EXP 	unnamed Polygon: autoDraw = True
309.4155 	EXP 	unnamed Polygon: autoDraw = True
309.4200 	EXP 	unnamed Polygon: autoDraw = True
309.4323 	EXP 	unnamed Polygon: autoDraw = True
309.4376 	EXP 	unnamed Polygon: autoDraw = True
309.4490 	EXP 	unnamed Polygon: autoDraw = True
309.4541 	EXP 	unnamed Polygon: autoDraw = True
309.4654 	EXP 	unnamed Polygon: autoDraw = True
309.4705 	EXP 	unnamed Polygon: autoDraw = True
309.4819 	EXP 	unnamed Polygon: autoDraw = True
309.4870 	EXP 	unnamed Polygon: autoDraw = True
309.4989 	EXP 	unnamed Polygon: autoDraw = True
309.5039 	EXP 	unnamed Polygon: autoDraw = True
309.5156 	EXP 	unnamed Polygon: autoDraw = True
309.5200 	EXP 	unnamed Polygon: autoDraw = True
309.5323 	EXP 	unnamed Polygon: autoDraw = True
309.5367 	EXP 	unnamed Polygon: autoDraw = True
309.5489 	EXP 	unnamed Polygon: autoDraw = True
309.5539 	EXP 	unnamed Polygon: autoDraw = True
309.5656 	EXP 	unnamed Polygon: autoDraw = True
309.5706 	EXP 	unnamed Polygon: autoDraw = True
309.5820 	EXP 	unnamed Polygon: autoDraw = False
310.8818 	EXP 	trial_feedback: height = np.float64(0.09)
310.8818 	EXP 	trial_feedback: height = np.float64(0.09)
310.8818 	EXP 	trial_feedback: height = np.float64(0.09)
310.8818 	EXP 	trial_feedback: text = 'Miss!\n-$0.50'
310.8818 	EXP 	trial_feedback: autoDraw = True
312.8699 	EXP 	trial_feedback: autoDraw = False
312.8893 	EXP 	trial_feedback: autoDraw = False
312.8893 	EXP 	exp_feedback: autoDraw = False
323.2217 	EXP 	unnamed Polygon: autoDraw = True
323.2217 	EXP 	unnamed Polygon: autoDraw = True
323.2322 	EXP 	unnamed Polygon: autoDraw = True
323.2372 	EXP 	unnamed Polygon: autoDraw = True
323.2490 	EXP 	unnamed Polygon: autoDraw = True
323.2538 	EXP 	unnamed Polygon: autoDraw = True
323.2657 	EXP 	unnamed Polygon: autoDraw = True
323.2711 	EXP 	unnamed Polygon: autoDraw = True
323.2823 	EXP 	unnamed Polygon: autoDraw = True
323.2877 	EXP 	unnamed Polygon: autoDraw = True
323.2988 	EXP 	unnamed Polygon: autoDraw = True
323.3033 	EXP 	unnamed Polygon: autoDraw = True
323.3157 	EXP 	unnamed Polygon: autoDraw = True
323.3209 	EXP 	unnamed Polygon: autoDraw = True
323.3322 	EXP 	unnamed Polygon: autoDraw = True
323.3372 	EXP 	unnamed Polygon: autoDraw = True
323.3489 	EXP 	unnamed Polygon: autoDraw = True
323.3539 	EXP 	unnamed Polygon: autoDraw = True
323.3655 	EXP 	unnamed Polygon: autoDraw = True
323.3705 	EXP 	unnamed Polygon: autoDraw = True
323.3823 	EXP 	unnamed Polygon: autoDraw = True
323.3873 	EXP 	unnamed Polygon: autoDraw = True
323.3988 	EXP 	unnamed Polygon: autoDraw = True
323.4037 	EXP 	unnamed Polygon: autoDraw = True
323.4156 	EXP 	unnamed Polygon: autoDraw = True
323.4206 	EXP 	unnamed Polygon: autoDraw = True
323.4323 	EXP 	unnamed Polygon: autoDraw = True
323.4373 	EXP 	unnamed Polygon: autoDraw = True
323.4489 	EXP 	unnamed Polygon: autoDraw = True
323.4539 	EXP 	unnamed Polygon: autoDraw = True
323.4657 	EXP 	unnamed Polygon: autoDraw = True
323.4747 	EXP 	unnamed Polygon: autoDraw = False
324.9091 	EXP 	trial_feedback: height = np.float64(0.09)
324.9091 	EXP 	trial_feedback: height = np.float64(0.09)
324.9091 	EXP 	trial_feedback: height = np.float64(0.09)
324.9091 	EXP 	trial_feedback: text = 'Miss!\n-$0.00'
324.9091 	EXP 	trial_feedback: autoDraw = True
326.8988 	EXP 	trial_feedback: autoDraw = False
326.9157 	EXP 	trial_feedback: autoDraw = False
326.9157 	EXP 	exp_feedback: autoDraw = False
337.1388 	EXP 	unnamed Polygon: autoDraw = True
337.1388 	EXP 	unnamed Polygon: autoDraw = True
337.1488 	EXP 	unnamed Polygon: autoDraw = True
337.1541 	EXP 	unnamed Polygon: autoDraw = True
337.1655 	EXP 	unnamed Polygon: autoDraw = True
337.1706 	EXP 	unnamed Polygon: autoDraw = True
337.1824 	EXP 	unnamed Polygon: autoDraw = True
337.1874 	EXP 	unnamed Polygon: autoDraw = True
337.1990 	EXP 	unnamed Polygon: autoDraw = True
337.2035 	EXP 	unnamed Polygon: autoDraw = True
337.2156 	EXP 	unnamed Polygon: autoDraw = True
337.2201 	EXP 	unnamed Polygon: autoDraw = True
337.2324 	EXP 	unnamed Polygon: autoDraw = True
337.2374 	EXP 	unnamed Polygon: autoDraw = True
337.2491 	EXP 	unnamed Polygon: autoDraw = True
337.2541 	EXP 	unnamed Polygon: autoDraw = True
337.2657 	EXP 	unnamed Polygon: autoDraw = True
337.2711 	EXP 	unnamed Polygon: autoDraw = True
337.2823 	EXP 	unnamed Polygon: autoDraw = True
337.2876 	EXP 	unnamed Polygon: autoDraw = True
337.2989 	EXP 	unnamed Polygon: autoDraw = True
337.3039 	EXP 	unnamed Polygon: autoDraw = True
337.3157 	EXP 	unnamed Polygon: autoDraw = True
337.3207 	EXP 	unnamed Polygon: autoDraw = True
337.3322 	EXP 	unnamed Polygon: autoDraw = True
337.3376 	EXP 	unnamed Polygon: autoDraw = True
337.3490 	EXP 	unnamed Polygon: autoDraw = True
337.3545 	EXP 	unnamed Polygon: autoDraw = True
337.3652 	EXP 	unnamed Polygon: autoDraw = False
338.9264 	EXP 	trial_feedback: height = np.float64(0.09)
338.9264 	EXP 	trial_feedback: height = np.float64(0.09)
338.9264 	EXP 	trial_feedback: height = np.float64(0.09)
338.9264 	EXP 	trial_feedback: text = 'Miss!\n$0.00'
338.9264 	EXP 	trial_feedback: autoDraw = True
340.9157 	EXP 	trial_feedback: autoDraw = False
340.9223 	EXP 	trial_feedback: autoDraw = False
340.9223 	EXP 	exp_feedback: autoDraw = False
351.2323 	EXP 	unnamed Polygon: autoDraw = True
351.2323 	EXP 	unnamed Polygon: autoDraw = True
351.2375 	EXP 	unnamed Polygon: autoDraw = True
351.2491 	EXP 	unnamed Polygon: autoDraw = True
351.2543 	EXP 	unnamed Polygon: autoDraw = True
351.2657 	EXP 	unnamed Polygon: autoDraw = True
351.2704 	EXP 	unnamed Polygon: autoDraw = True
351.2822 	EXP 	unnamed Polygon: autoDraw = True
351.2876 	EXP 	unnamed Polygon: autoDraw = True
351.2991 	EXP 	unnamed Polygon: autoDraw = True
351.3043 	EXP 	unnamed Polygon: autoDraw = True
351.3155 	EXP 	unnamed Polygon: autoDraw = True
351.3204 	EXP 	unnamed Polygon: autoDraw = True
351.3322 	EXP 	unnamed Polygon: autoDraw = True
351.3372 	EXP 	unnamed Polygon: autoDraw = True
351.3490 	EXP 	unnamed Polygon: autoDraw = True
351.3543 	EXP 	unnamed Polygon: autoDraw = True
351.3657 	EXP 	unnamed Polygon: autoDraw = True
351.3712 	EXP 	unnamed Polygon: autoDraw = True
351.3824 	EXP 	unnamed Polygon: autoDraw = True
351.3877 	EXP 	unnamed Polygon: autoDraw = True
351.3990 	EXP 	unnamed Polygon: autoDraw = True
351.4039 	EXP 	unnamed Polygon: autoDraw = True
351.4157 	EXP 	unnamed Polygon: autoDraw = True
351.4212 	EXP 	unnamed Polygon: autoDraw = True
351.4323 	EXP 	unnamed Polygon: autoDraw = True
351.4379 	EXP 	unnamed Polygon: autoDraw = True
351.4490 	EXP 	unnamed Polygon: autoDraw = True
351.4541 	EXP 	unnamed Polygon: autoDraw = True
351.4656 	EXP 	unnamed Polygon: autoDraw = True
351.4703 	EXP 	unnamed Polygon: autoDraw = True
351.4822 	EXP 	unnamed Polygon: autoDraw = True
351.4867 	EXP 	unnamed Polygon: autoDraw = True
351.4988 	EXP 	unnamed Polygon: autoDraw = False
352.9319 	EXP 	trial_feedback: height = np.float64(0.09)
352.9319 	EXP 	trial_feedback: height = np.float64(0.09)
352.9319 	EXP 	trial_feedback: height = np.float64(0.09)
352.9319 	EXP 	trial_feedback: text = 'Miss!\n-$0.00'
352.9319 	EXP 	trial_feedback: autoDraw = True
354.9204 	EXP 	trial_feedback: autoDraw = False
354.9393 	EXP 	trial_feedback: autoDraw = False
354.9393 	EXP 	exp_feedback: autoDraw = False
363.4213 	EXP 	unnamed Polygon: autoDraw = True
363.4213 	EXP 	unnamed Polygon: autoDraw = True
363.4323 	EXP 	unnamed Polygon: autoDraw = True
363.4373 	EXP 	unnamed Polygon: autoDraw = True
363.4489 	EXP 	unnamed Polygon: autoDraw = True
363.4537 	EXP 	unnamed Polygon: autoDraw = True
363.4656 	EXP 	unnamed Polygon: autoDraw = True
363.4711 	EXP 	unnamed Polygon: autoDraw = True
363.4821 	EXP 	unnamed Polygon: autoDraw = True
363.4876 	EXP 	unnamed Polygon: autoDraw = True
363.4989 	EXP 	unnamed Polygon: autoDraw = True
363.5040 	EXP 	unnamed Polygon: autoDraw = True
363.5156 	EXP 	unnamed Polygon: autoDraw = True
363.5206 	EXP 	unnamed Polygon: autoDraw = True
363.5324 	EXP 	unnamed Polygon: autoDraw = True
363.5375 	EXP 	unnamed Polygon: autoDraw = True
363.5490 	EXP 	unnamed Polygon: autoDraw = True
363.5539 	EXP 	unnamed Polygon: autoDraw = True
363.5657 	EXP 	unnamed Polygon: autoDraw = True
363.5705 	EXP 	unnamed Polygon: autoDraw = True
363.5823 	EXP 	unnamed Polygon: autoDraw = True
363.5873 	EXP 	unnamed Polygon: autoDraw = True
363.5991 	EXP 	unnamed Polygon: autoDraw = True
363.6041 	EXP 	unnamed Polygon: autoDraw = True
363.6157 	EXP 	unnamed Polygon: autoDraw = True
363.6203 	EXP 	unnamed Polygon: autoDraw = True
363.6323 	EXP 	unnamed Polygon: autoDraw = True
363.6372 	EXP 	unnamed Polygon: autoDraw = True
363.6490 	EXP 	unnamed Polygon: autoDraw = True
363.6540 	EXP 	unnamed Polygon: autoDraw = True
363.6655 	EXP 	unnamed Polygon: autoDraw = True
363.6700 	EXP 	unnamed Polygon: autoDraw = True
363.6824 	EXP 	unnamed Polygon: autoDraw = True
363.6869 	EXP 	unnamed Polygon: autoDraw = True
363.6989 	EXP 	unnamed Polygon: autoDraw = True
363.7081 	EXP 	unnamed Polygon: autoDraw = False
364.9538 	EXP 	trial_feedback: text = 'Miss!\n-$0.00'
364.9538 	EXP 	trial_feedback: autoDraw = True
366.9490 	EXP 	trial_feedback: autoDraw = False
366.9554 	EXP 	trial_feedback: autoDraw = False
366.9554 	EXP 	exp_feedback: autoDraw = False
375.1990 	EXP 	unnamed Polygon: autoDraw = True
375.1990 	EXP 	unnamed Polygon: autoDraw = True
375.2038 	EXP 	unnamed Polygon: autoDraw = True
375.2157 	EXP 	unnamed Polygon: autoDraw = True
375.2198 	EXP 	unnamed Polygon: autoDraw = True
375.2322 	EXP 	unnamed Polygon: autoDraw = True
375.2377 	EXP 	unnamed Polygon: autoDraw = True
375.2490 	EXP 	unnamed Polygon: autoDraw = True
375.2543 	EXP 	unnamed Polygon: autoDraw = True
375.2656 	EXP 	unnamed Polygon: autoDraw = True
375.2706 	EXP 	unnamed Polygon: autoDraw = True
375.2823 	EXP 	unnamed Polygon: autoDraw = True
375.2874 	EXP 	unnamed Polygon: autoDraw = True
375.2991 	EXP 	unnamed Polygon: autoDraw = True
375.3040 	EXP 	unnamed Polygon: autoDraw = True
375.3157 	EXP 	unnamed Polygon: autoDraw = True
375.3208 	EXP 	unnamed Polygon: autoDraw = True
375.3324 	EXP 	unnamed Polygon: autoDraw = True
375.3376 	EXP 	unnamed Polygon: autoDraw = True
375.3490 	EXP 	unnamed Polygon: autoDraw = True
375.3533 	EXP 	unnamed Polygon: autoDraw = True
375.3656 	EXP 	unnamed Polygon: autoDraw = True
375.3700 	EXP 	unnamed Polygon: autoDraw = True
375.3825 	EXP 	unnamed Polygon: autoDraw = True
375.3875 	EXP 	unnamed Polygon: autoDraw = True
375.3992 	EXP 	unnamed Polygon: autoDraw = True
375.4041 	EXP 	unnamed Polygon: autoDraw = True
375.4158 	EXP 	unnamed Polygon: autoDraw = True
375.4212 	EXP 	unnamed Polygon: autoDraw = True
375.4323 	EXP 	unnamed Polygon: autoDraw = True
375.4418 	EXP 	unnamed Polygon: autoDraw = False
376.9589 	EXP 	trial_feedback: height = np.float64(0.09)
376.9589 	EXP 	trial_feedback: height = np.float64(0.09)
376.9589 	EXP 	trial_feedback: height = np.float64(0.09)
376.9589 	EXP 	trial_feedback: text = 'Miss!\n$0.00'
376.9589 	EXP 	trial_feedback: autoDraw = True
378.9492 	EXP 	trial_feedback: autoDraw = False
378.9561 	EXP 	trial_feedback: autoDraw = False
378.9561 	EXP 	exp_feedback: autoDraw = False
387.2709 	EXP 	unnamed Polygon: autoDraw = True
387.2709 	EXP 	unnamed Polygon: autoDraw = True
387.2825 	EXP 	unnamed Polygon: autoDraw = True
387.2870 	EXP 	unnamed Polygon: autoDraw = True
387.2991 	EXP 	unnamed Polygon: autoDraw = True
387.3046 	EXP 	unnamed Polygon: autoDraw = True
387.3157 	EXP 	unnamed Polygon: autoDraw = True
387.3206 	EXP 	unnamed Polygon: autoDraw = True
387.3323 	EXP 	unnamed Polygon: autoDraw = True
387.3375 	EXP 	unnamed Polygon: autoDraw = True
387.3491 	EXP 	unnamed Polygon: autoDraw = True
387.3541 	EXP 	unnamed Polygon: autoDraw = True
387.3658 	EXP 	unnamed Polygon: autoDraw = True
387.3709 	EXP 	unnamed Polygon: autoDraw = True
387.3825 	EXP 	unnamed Polygon: autoDraw = True
387.3876 	EXP 	unnamed Polygon: autoDraw = True
387.3990 	EXP 	unnamed Polygon: autoDraw = True
387.4040 	EXP 	unnamed Polygon: autoDraw = True
387.4158 	EXP 	unnamed Polygon: autoDraw = True
387.4208 	EXP 	unnamed Polygon: autoDraw = True
387.4324 	EXP 	unnamed Polygon: autoDraw = True
387.4369 	EXP 	unnamed Polygon: autoDraw = True
387.4490 	EXP 	unnamed Polygon: autoDraw = True
387.4545 	EXP 	unnamed Polygon: autoDraw = True
387.4658 	EXP 	unnamed Polygon: autoDraw = True
387.4702 	EXP 	unnamed Polygon: autoDraw = True
387.4821 	EXP 	unnamed Polygon: autoDraw = True
387.4867 	EXP 	unnamed Polygon: autoDraw = True
387.4990 	EXP 	unnamed Polygon: autoDraw = True
387.5036 	EXP 	unnamed Polygon: autoDraw = True
387.5155 	EXP 	unnamed Polygon: autoDraw = True
387.5253 	EXP 	unnamed Polygon: autoDraw = False
388.9824 	EXP 	trial_feedback: text = 'Miss!\n$0.00'
388.9824 	EXP 	trial_feedback: autoDraw = True
390.9702 	EXP 	trial_feedback: autoDraw = False
390.9888 	EXP 	trial_feedback: autoDraw = False
390.9888 	EXP 	exp_feedback: autoDraw = False
397.1050 	EXP 	unnamed Polygon: autoDraw = True
397.1050 	EXP 	unnamed Polygon: autoDraw = True
397.1159 	EXP 	unnamed Polygon: autoDraw = True
397.1208 	EXP 	unnamed Polygon: autoDraw = True
397.1323 	EXP 	unnamed Polygon: autoDraw = True
397.1378 	EXP 	unnamed Polygon: autoDraw = True
397.1490 	EXP 	unnamed Polygon: autoDraw = True
397.1543 	EXP 	unnamed Polygon: autoDraw = True
397.1658 	EXP 	unnamed Polygon: autoDraw = True
397.1714 	EXP 	unnamed Polygon: autoDraw = True
397.1825 	EXP 	unnamed Polygon: autoDraw = True
397.1876 	EXP 	unnamed Polygon: autoDraw = True
397.1992 	EXP 	unnamed Polygon: autoDraw = True
397.2042 	EXP 	unnamed Polygon: autoDraw = True
397.2157 	EXP 	unnamed Polygon: autoDraw = True
397.2204 	EXP 	unnamed Polygon: autoDraw = True
397.2325 	EXP 	unnamed Polygon: autoDraw = True
397.2369 	EXP 	unnamed Polygon: autoDraw = True
397.2491 	EXP 	unnamed Polygon: autoDraw = True
397.2543 	EXP 	unnamed Polygon: autoDraw = True
397.2659 	EXP 	unnamed Polygon: autoDraw = True
397.2709 	EXP 	unnamed Polygon: autoDraw = True
397.2824 	EXP 	unnamed Polygon: autoDraw = True
397.2876 	EXP 	unnamed Polygon: autoDraw = True
397.2991 	EXP 	unnamed Polygon: autoDraw = True
397.3039 	EXP 	unnamed Polygon: autoDraw = True
397.3158 	EXP 	unnamed Polygon: autoDraw = True
397.3220 	EXP 	unnamed Polygon: autoDraw = True
397.3323 	EXP 	unnamed Polygon: autoDraw = True
397.3377 	EXP 	unnamed Polygon: autoDraw = True
397.3491 	EXP 	unnamed Polygon: autoDraw = True
397.3542 	EXP 	unnamed Polygon: autoDraw = True
397.3658 	EXP 	unnamed Polygon: autoDraw = True
397.3748 	EXP 	unnamed Polygon: autoDraw = False
399.0035 	EXP 	trial_feedback: text = 'Miss!\n$0.00'
399.0035 	EXP 	trial_feedback: autoDraw = True
400.9991 	EXP 	trial_feedback: autoDraw = False
401.0057 	EXP 	trial_feedback: autoDraw = False
401.0057 	EXP 	exp_feedback: autoDraw = False
407.0660 	EXP 	unnamed Polygon: autoDraw = True
407.0660 	EXP 	unnamed Polygon: autoDraw = True
407.0712 	EXP 	unnamed Polygon: autoDraw = True
407.0823 	EXP 	unnamed Polygon: autoDraw = True
407.0872 	EXP 	unnamed Polygon: autoDraw = True
407.0991 	EXP 	unnamed Polygon: autoDraw = True
407.1035 	EXP 	unnamed Polygon: autoDraw = True
407.1157 	EXP 	unnamed Polygon: autoDraw = True
407.1203 	EXP 	unnamed Polygon: autoDraw = True
407.1325 	EXP 	unnamed Polygon: autoDraw = True
407.1378 	EXP 	unnamed Polygon: autoDraw = True
407.1492 	EXP 	unnamed Polygon: autoDraw = True
407.1542 	EXP 	unnamed Polygon: autoDraw = True
407.1657 	EXP 	unnamed Polygon: autoDraw = True
407.1706 	EXP 	unnamed Polygon: autoDraw = True
407.1824 	EXP 	unnamed Polygon: autoDraw = True
407.1875 	EXP 	unnamed Polygon: autoDraw = True
407.1991 	EXP 	unnamed Polygon: autoDraw = True
407.2041 	EXP 	unnamed Polygon: autoDraw = True
407.2159 	EXP 	unnamed Polygon: autoDraw = True
407.2207 	EXP 	unnamed Polygon: autoDraw = True
407.2324 	EXP 	unnamed Polygon: autoDraw = True
407.2373 	EXP 	unnamed Polygon: autoDraw = True
407.2492 	EXP 	unnamed Polygon: autoDraw = True
407.2545 	EXP 	unnamed Polygon: autoDraw = True
407.2658 	EXP 	unnamed Polygon: autoDraw = True
407.2706 	EXP 	unnamed Polygon: autoDraw = True
407.2825 	EXP 	unnamed Polygon: autoDraw = True
407.2877 	EXP 	unnamed Polygon: autoDraw = True
407.2991 	EXP 	unnamed Polygon: autoDraw = True
407.3033 	EXP 	unnamed Polygon: autoDraw = True
407.3157 	EXP 	unnamed Polygon: autoDraw = True
407.3202 	EXP 	unnamed Polygon: autoDraw = True
407.3324 	EXP 	unnamed Polygon: autoDraw = True
407.3373 	EXP 	unnamed Polygon: autoDraw = True
407.3491 	EXP 	unnamed Polygon: autoDraw = True
407.3540 	EXP 	unnamed Polygon: autoDraw = True
407.3657 	EXP 	unnamed Polygon: autoDraw = True
407.3754 	EXP 	unnamed Polygon: autoDraw = False
409.0256 	EXP 	trial_feedback: height = np.float64(0.09)
409.0256 	EXP 	trial_feedback: height = np.float64(0.09)
409.0256 	EXP 	trial_feedback: height = np.float64(0.09)
409.0256 	EXP 	trial_feedback: text = 'Miss!\n-$0.00'
409.0256 	EXP 	trial_feedback: autoDraw = True
411.0159 	EXP 	trial_feedback: autoDraw = False
411.0229 	EXP 	trial_feedback: autoDraw = False
411.0229 	EXP 	exp_feedback: autoDraw = False
419.1991 	EXP 	unnamed Polygon: autoDraw = True
419.1991 	EXP 	unnamed Polygon: autoDraw = True
419.2037 	EXP 	unnamed Polygon: autoDraw = True
419.2156 	EXP 	unnamed Polygon: autoDraw = True
419.2205 	EXP 	unnamed Polygon: autoDraw = True
419.2325 	EXP 	unnamed Polygon: autoDraw = True
419.2368 	EXP 	unnamed Polygon: autoDraw = True
419.2493 	EXP 	unnamed Polygon: autoDraw = True
419.2545 	EXP 	unnamed Polygon: autoDraw = True
419.2658 	EXP 	unnamed Polygon: autoDraw = True
419.2707 	EXP 	unnamed Polygon: autoDraw = True
419.2825 	EXP 	unnamed Polygon: autoDraw = True
419.2879 	EXP 	unnamed Polygon: autoDraw = True
419.2991 	EXP 	unnamed Polygon: autoDraw = True
419.3045 	EXP 	unnamed Polygon: autoDraw = True
419.3158 	EXP 	unnamed Polygon: autoDraw = True
419.3212 	EXP 	unnamed Polygon: autoDraw = True
419.3325 	EXP 	unnamed Polygon: autoDraw = True
419.3374 	EXP 	unnamed Polygon: autoDraw = True
419.3491 	EXP 	unnamed Polygon: autoDraw = True
419.3540 	EXP 	unnamed Polygon: autoDraw = True
419.3658 	EXP 	unnamed Polygon: autoDraw = True
419.3709 	EXP 	unnamed Polygon: autoDraw = True
419.3826 	EXP 	unnamed Polygon: autoDraw = True
419.3871 	EXP 	unnamed Polygon: autoDraw = True
419.3990 	EXP 	unnamed Polygon: autoDraw = True
419.4039 	EXP 	unnamed Polygon: autoDraw = True
419.4157 	EXP 	unnamed Polygon: autoDraw = True
419.4210 	EXP 	unnamed Polygon: autoDraw = True
419.4324 	EXP 	unnamed Polygon: autoDraw = True
419.4378 	EXP 	unnamed Polygon: autoDraw = True
419.4490 	EXP 	unnamed Polygon: autoDraw = True
419.4545 	EXP 	unnamed Polygon: autoDraw = True
419.4656 	EXP 	unnamed Polygon: autoDraw = True
419.4709 	EXP 	unnamed Polygon: autoDraw = True
419.4821 	EXP 	unnamed Polygon: autoDraw = False
421.0263 	EXP 	trial_feedback: height = np.float64(0.09)
421.0263 	EXP 	trial_feedback: height = np.float64(0.09)
421.0263 	EXP 	trial_feedback: height = np.float64(0.09)
421.0263 	EXP 	trial_feedback: text = 'Miss!\n$0.00'
421.0263 	EXP 	trial_feedback: autoDraw = True
423.0158 	EXP 	trial_feedback: autoDraw = False
423.0227 	EXP 	trial_feedback: autoDraw = False
423.0227 	EXP 	exp_feedback: autoDraw = False
431.1379 	EXP 	unnamed Polygon: autoDraw = True
431.1379 	EXP 	unnamed Polygon: autoDraw = True
431.1492 	EXP 	unnamed Polygon: autoDraw = True
431.1537 	EXP 	unnamed Polygon: autoDraw = True
431.1659 	EXP 	unnamed Polygon: autoDraw = True
431.1713 	EXP 	unnamed Polygon: autoDraw = True
431.1824 	EXP 	unnamed Polygon: autoDraw = True
431.1874 	EXP 	unnamed Polygon: autoDraw = True
431.1993 	EXP 	unnamed Polygon: autoDraw = True
431.2043 	EXP 	unnamed Polygon: autoDraw = True
431.2159 	EXP 	unnamed Polygon: autoDraw = True
431.2208 	EXP 	unnamed Polygon: autoDraw = True
431.2325 	EXP 	unnamed Polygon: autoDraw = True
431.2379 	EXP 	unnamed Polygon: autoDraw = True
431.2490 	EXP 	unnamed Polygon: autoDraw = True
431.2543 	EXP 	unnamed Polygon: autoDraw = True
431.2658 	EXP 	unnamed Polygon: autoDraw = True
431.2709 	EXP 	unnamed Polygon: autoDraw = True
431.2824 	EXP 	unnamed Polygon: autoDraw = True
431.2874 	EXP 	unnamed Polygon: autoDraw = True
431.2991 	EXP 	unnamed Polygon: autoDraw = True
431.3039 	EXP 	unnamed Polygon: autoDraw = True
431.3159 	EXP 	unnamed Polygon: autoDraw = True
431.3209 	EXP 	unnamed Polygon: autoDraw = True
431.3324 	EXP 	unnamed Polygon: autoDraw = True
431.3375 	EXP 	unnamed Polygon: autoDraw = True
431.3491 	EXP 	unnamed Polygon: autoDraw = True
431.3540 	EXP 	unnamed Polygon: autoDraw = True
431.3659 	EXP 	unnamed Polygon: autoDraw = True
431.3712 	EXP 	unnamed Polygon: autoDraw = True
431.3826 	EXP 	unnamed Polygon: autoDraw = True
431.3870 	EXP 	unnamed Polygon: autoDraw = True
431.3992 	EXP 	unnamed Polygon: autoDraw = True
431.4035 	EXP 	unnamed Polygon: autoDraw = True
431.4159 	EXP 	unnamed Polygon: autoDraw = True
431.4212 	EXP 	unnamed Polygon: autoDraw = True
431.4325 	EXP 	unnamed Polygon: autoDraw = True
431.4370 	EXP 	unnamed Polygon: autoDraw = True
431.4489 	EXP 	unnamed Polygon: autoDraw = False
433.0414 	EXP 	trial_feedback: height = np.float64(0.09)
433.0414 	EXP 	trial_feedback: height = np.float64(0.09)
433.0414 	EXP 	trial_feedback: height = np.float64(0.09)
433.0414 	EXP 	trial_feedback: text = 'Miss!\n-$0.50'
433.0414 	EXP 	trial_feedback: autoDraw = True
435.0326 	EXP 	trial_feedback: autoDraw = False
435.0389 	EXP 	trial_feedback: autoDraw = False
435.0389 	EXP 	exp_feedback: autoDraw = False
445.3160 	EXP 	unnamed Polygon: autoDraw = True
445.3160 	EXP 	unnamed Polygon: autoDraw = True
445.3212 	EXP 	unnamed Polygon: autoDraw = True
445.3324 	EXP 	unnamed Polygon: autoDraw = True
445.3375 	EXP 	unnamed Polygon: autoDraw = True
445.3492 	EXP 	unnamed Polygon: autoDraw = True
445.3541 	EXP 	unnamed Polygon: autoDraw = True
445.3659 	EXP 	unnamed Polygon: autoDraw = True
445.3712 	EXP 	unnamed Polygon: autoDraw = True
445.3826 	EXP 	unnamed Polygon: autoDraw = True
445.3878 	EXP 	unnamed Polygon: autoDraw = True
445.3991 	EXP 	unnamed Polygon: autoDraw = True
445.4041 	EXP 	unnamed Polygon: autoDraw = True
445.4159 	EXP 	unnamed Polygon: autoDraw = True
445.4204 	EXP 	unnamed Polygon: autoDraw = True
445.4326 	EXP 	unnamed Polygon: autoDraw = True
445.4377 	EXP 	unnamed Polygon: autoDraw = True
445.4491 	EXP 	unnamed Polygon: autoDraw = True
445.4543 	EXP 	unnamed Polygon: autoDraw = True
445.4659 	EXP 	unnamed Polygon: autoDraw = True
445.4712 	EXP 	unnamed Polygon: autoDraw = True
445.4823 	EXP 	unnamed Polygon: autoDraw = True
445.4878 	EXP 	unnamed Polygon: autoDraw = True
445.4993 	EXP 	unnamed Polygon: autoDraw = True
445.5044 	EXP 	unnamed Polygon: autoDraw = True
445.5157 	EXP 	unnamed Polygon: autoDraw = True
445.5207 	EXP 	unnamed Polygon: autoDraw = True
445.5324 	EXP 	unnamed Polygon: autoDraw = True
445.5375 	EXP 	unnamed Polygon: autoDraw = True
445.5491 	EXP 	unnamed Polygon: autoDraw = True
445.5536 	EXP 	unnamed Polygon: autoDraw = True
445.5659 	EXP 	unnamed Polygon: autoDraw = True
445.5738 	EXP 	unnamed Polygon: autoDraw = False
447.0419 	EXP 	trial_feedback: height = np.float64(0.09)
447.0419 	EXP 	trial_feedback: height = np.float64(0.09)
447.0419 	EXP 	trial_feedback: height = np.float64(0.09)
447.0419 	EXP 	trial_feedback: text = 'Miss!\n$0.00'
447.0419 	EXP 	trial_feedback: autoDraw = True
449.0326 	EXP 	trial_feedback: autoDraw = False
449.0394 	EXP 	trial_feedback: autoDraw = False
449.0394 	EXP 	exp_feedback: autoDraw = False
457.5217 	EXP 	unnamed Polygon: autoDraw = True
457.5217 	EXP 	unnamed Polygon: autoDraw = True
457.5324 	EXP 	unnamed Polygon: autoDraw = True
457.5369 	EXP 	unnamed Polygon: autoDraw = True
457.5493 	EXP 	unnamed Polygon: autoDraw = True
457.5542 	EXP 	unnamed Polygon: autoDraw = True
457.5657 	EXP 	unnamed Polygon: autoDraw = True
457.5706 	EXP 	unnamed Polygon: autoDraw = True
457.5827 	EXP 	unnamed Polygon: autoDraw = True
457.5878 	EXP 	unnamed Polygon: autoDraw = True
457.5991 	EXP 	unnamed Polygon: autoDraw = True
457.6040 	EXP 	unnamed Polygon: autoDraw = True
457.6157 	EXP 	unnamed Polygon: autoDraw = True
457.6202 	EXP 	unnamed Polygon: autoDraw = True
457.6325 	EXP 	unnamed Polygon: autoDraw = True
457.6369 	EXP 	unnamed Polygon: autoDraw = True
457.6492 	EXP 	unnamed Polygon: autoDraw = True
457.6543 	EXP 	unnamed Polygon: autoDraw = True
457.6657 	EXP 	unnamed Polygon: autoDraw = True
457.6706 	EXP 	unnamed Polygon: autoDraw = True
457.6826 	EXP 	unnamed Polygon: autoDraw = True
457.6878 	EXP 	unnamed Polygon: autoDraw = True
457.6991 	EXP 	unnamed Polygon: autoDraw = True
457.7044 	EXP 	unnamed Polygon: autoDraw = True
457.7159 	EXP 	unnamed Polygon: autoDraw = True
457.7210 	EXP 	unnamed Polygon: autoDraw = True
457.7325 	EXP 	unnamed Polygon: autoDraw = True
457.7376 	EXP 	unnamed Polygon: autoDraw = True
457.7492 	EXP 	unnamed Polygon: autoDraw = True
457.7536 	EXP 	unnamed Polygon: autoDraw = True
457.7661 	EXP 	unnamed Polygon: autoDraw = True
457.7717 	EXP 	unnamed Polygon: autoDraw = True
457.7825 	EXP 	unnamed Polygon: autoDraw = True
457.7876 	EXP 	unnamed Polygon: autoDraw = True
457.7992 	EXP 	unnamed Polygon: autoDraw = True
457.8042 	EXP 	unnamed Polygon: autoDraw = True
457.8149 	EXP 	unnamed Polygon: autoDraw = True
457.8224 	EXP 	unnamed Polygon: autoDraw = True
457.8322 	EXP 	unnamed Polygon: autoDraw = False
459.0535 	EXP 	trial_feedback: text = 'Miss!\n$0.00'
459.0535 	EXP 	trial_feedback: autoDraw = True
461.0493 	EXP 	trial_feedback: autoDraw = False
461.0557 	EXP 	trial_feedback: autoDraw = False
461.0557 	EXP 	exp_feedback: autoDraw = False
471.3325 	EXP 	unnamed Polygon: autoDraw = True
471.3325 	EXP 	unnamed Polygon: autoDraw = True
471.3376 	EXP 	unnamed Polygon: autoDraw = True
471.3493 	EXP 	unnamed Polygon: autoDraw = True
471.3540 	EXP 	unnamed Polygon: autoDraw = True
471.3659 	EXP 	unnamed Polygon: autoDraw = True
471.3703 	EXP 	unnamed Polygon: autoDraw = True
471.3827 	EXP 	unnamed Polygon: autoDraw = True
471.3880 	EXP 	unnamed Polygon: autoDraw = True
471.3993 	EXP 	unnamed Polygon: autoDraw = True
471.4043 	EXP 	unnamed Polygon: autoDraw = True
471.4158 	EXP 	unnamed Polygon: autoDraw = True
471.4208 	EXP 	unnamed Polygon: autoDraw = True
471.4325 	EXP 	unnamed Polygon: autoDraw = True
471.4375 	EXP 	unnamed Polygon: autoDraw = True
471.4493 	EXP 	unnamed Polygon: autoDraw = True
471.4546 	EXP 	unnamed Polygon: autoDraw = True
471.4658 	EXP 	unnamed Polygon: autoDraw = True
471.4713 	EXP 	unnamed Polygon: autoDraw = True
471.4825 	EXP 	unnamed Polygon: autoDraw = True
471.4875 	EXP 	unnamed Polygon: autoDraw = True
471.4991 	EXP 	unnamed Polygon: autoDraw = True
471.5043 	EXP 	unnamed Polygon: autoDraw = True
471.5159 	EXP 	unnamed Polygon: autoDraw = True
471.5209 	EXP 	unnamed Polygon: autoDraw = True
471.5325 	EXP 	unnamed Polygon: autoDraw = True
471.5377 	EXP 	unnamed Polygon: autoDraw = True
471.5492 	EXP 	unnamed Polygon: autoDraw = True
471.5541 	EXP 	unnamed Polygon: autoDraw = True
471.5660 	EXP 	unnamed Polygon: autoDraw = True
471.5713 	EXP 	unnamed Polygon: autoDraw = True
471.5824 	EXP 	unnamed Polygon: autoDraw = True
471.5877 	EXP 	unnamed Polygon: autoDraw = True
471.5992 	EXP 	unnamed Polygon: autoDraw = True
471.6042 	EXP 	unnamed Polygon: autoDraw = True
471.6159 	EXP 	unnamed Polygon: autoDraw = True
471.6203 	EXP 	unnamed Polygon: autoDraw = True
471.6325 	EXP 	unnamed Polygon: autoDraw = True
471.6404 	EXP 	unnamed Polygon: autoDraw = False
473.0764 	EXP 	trial_feedback: height = np.float64(0.09)
473.0764 	EXP 	trial_feedback: height = np.float64(0.09)
473.0764 	EXP 	trial_feedback: height = np.float64(0.09)
473.0764 	EXP 	trial_feedback: text = 'Miss!\n-$2.00'
473.0764 	EXP 	trial_feedback: autoDraw = True
475.0661 	EXP 	trial_feedback: autoDraw = False
475.0723 	EXP 	trial_feedback: autoDraw = False
475.0723 	EXP 	exp_feedback: autoDraw = False
481.3046 	EXP 	unnamed Polygon: autoDraw = True
481.3046 	EXP 	unnamed Polygon: autoDraw = True
481.3158 	EXP 	unnamed Polygon: autoDraw = True
481.3208 	EXP 	unnamed Polygon: autoDraw = True
481.3326 	EXP 	unnamed Polygon: autoDraw = True
481.3373 	EXP 	unnamed Polygon: autoDraw = True
481.3491 	EXP 	unnamed Polygon: autoDraw = True
481.3545 	EXP 	unnamed Polygon: autoDraw = True
481.3659 	EXP 	unnamed Polygon: autoDraw = True
481.3712 	EXP 	unnamed Polygon: autoDraw = True
481.3826 	EXP 	unnamed Polygon: autoDraw = True
481.3876 	EXP 	unnamed Polygon: autoDraw = True
481.3993 	EXP 	unnamed Polygon: autoDraw = True
481.4043 	EXP 	unnamed Polygon: autoDraw = True
481.4159 	EXP 	unnamed Polygon: autoDraw = True
481.4208 	EXP 	unnamed Polygon: autoDraw = True
481.4325 	EXP 	unnamed Polygon: autoDraw = True
481.4374 	EXP 	unnamed Polygon: autoDraw = True
481.4492 	EXP 	unnamed Polygon: autoDraw = True
481.4541 	EXP 	unnamed Polygon: autoDraw = True
481.4659 	EXP 	unnamed Polygon: autoDraw = True
481.4708 	EXP 	unnamed Polygon: autoDraw = True
481.4825 	EXP 	unnamed Polygon: autoDraw = True
481.4874 	EXP 	unnamed Polygon: autoDraw = True
481.4994 	EXP 	unnamed Polygon: autoDraw = True
481.5047 	EXP 	unnamed Polygon: autoDraw = True
481.5157 	EXP 	unnamed Polygon: autoDraw = True
481.5211 	EXP 	unnamed Polygon: autoDraw = True
481.5327 	EXP 	unnamed Polygon: autoDraw = True
481.5378 	EXP 	unnamed Polygon: autoDraw = True
481.5492 	EXP 	unnamed Polygon: autoDraw = True
481.5541 	EXP 	unnamed Polygon: autoDraw = True
481.5659 	EXP 	unnamed Polygon: autoDraw = True
481.5710 	EXP 	unnamed Polygon: autoDraw = True
481.5825 	EXP 	unnamed Polygon: autoDraw = True
481.5905 	EXP 	unnamed Polygon: autoDraw = False
483.0823 	EXP 	trial_feedback: height = np.float64(0.09)
483.0823 	EXP 	trial_feedback: height = np.float64(0.09)
483.0823 	EXP 	trial_feedback: height = np.float64(0.09)
483.0823 	EXP 	trial_feedback: text = 'Miss!\n$0.00'
483.0823 	EXP 	trial_feedback: autoDraw = True
485.0700 	EXP 	trial_feedback: autoDraw = False
485.0897 	EXP 	trial_feedback: autoDraw = False
485.0897 	EXP 	exp_feedback: autoDraw = False
495.5159 	EXP 	unnamed Polygon: autoDraw = True
495.5159 	EXP 	unnamed Polygon: autoDraw = True
495.5209 	EXP 	unnamed Polygon: autoDraw = True
495.5326 	EXP 	unnamed Polygon: autoDraw = True
495.5378 	EXP 	unnamed Polygon: autoDraw = True
495.5494 	EXP 	unnamed Polygon: autoDraw = True
495.5543 	EXP 	unnamed Polygon: autoDraw = True
495.5659 	EXP 	unnamed Polygon: autoDraw = True
495.5706 	EXP 	unnamed Polygon: autoDraw = True
495.5825 	EXP 	unnamed Polygon: autoDraw = True
495.5874 	EXP 	unnamed Polygon: autoDraw = True
495.5992 	EXP 	unnamed Polygon: autoDraw = True
495.6038 	EXP 	unnamed Polygon: autoDraw = True
495.6158 	EXP 	unnamed Polygon: autoDraw = True
495.6212 	EXP 	unnamed Polygon: autoDraw = True
495.6327 	EXP 	unnamed Polygon: autoDraw = True
495.6381 	EXP 	unnamed Polygon: autoDraw = True
495.6491 	EXP 	unnamed Polygon: autoDraw = True
495.6537 	EXP 	unnamed Polygon: autoDraw = True
495.6660 	EXP 	unnamed Polygon: autoDraw = True
495.6705 	EXP 	unnamed Polygon: autoDraw = True
495.6826 	EXP 	unnamed Polygon: autoDraw = True
495.6876 	EXP 	unnamed Polygon: autoDraw = True
495.6992 	EXP 	unnamed Polygon: autoDraw = True
495.7038 	EXP 	unnamed Polygon: autoDraw = True
495.7158 	EXP 	unnamed Polygon: autoDraw = True
495.7204 	EXP 	unnamed Polygon: autoDraw = True
495.7327 	EXP 	unnamed Polygon: autoDraw = True
495.7377 	EXP 	unnamed Polygon: autoDraw = True
495.7493 	EXP 	unnamed Polygon: autoDraw = True
495.7544 	EXP 	unnamed Polygon: autoDraw = True
495.7658 	EXP 	unnamed Polygon: autoDraw = True
495.7708 	EXP 	unnamed Polygon: autoDraw = True
495.7825 	EXP 	unnamed Polygon: autoDraw = True
495.7875 	EXP 	unnamed Polygon: autoDraw = True
495.7994 	EXP 	unnamed Polygon: autoDraw = True
495.8047 	EXP 	unnamed Polygon: autoDraw = True
495.8159 	EXP 	unnamed Polygon: autoDraw = True
495.8256 	EXP 	unnamed Polygon: autoDraw = False
497.1042 	EXP 	trial_feedback: text = 'Miss!\n$0.00'
497.1042 	EXP 	trial_feedback: autoDraw = True
499.0994 	EXP 	trial_feedback: autoDraw = False
499.1057 	EXP 	trial_feedback: autoDraw = False
499.1057 	EXP 	exp_feedback: autoDraw = False
505.3886 	EXP 	unnamed Polygon: autoDraw = True
505.3886 	EXP 	unnamed Polygon: autoDraw = True
505.3992 	EXP 	unnamed Polygon: autoDraw = True
505.4040 	EXP 	unnamed Polygon: autoDraw = True
505.4159 	EXP 	unnamed Polygon: autoDraw = True
505.4209 	EXP 	unnamed Polygon: autoDraw = True
505.4325 	EXP 	unnamed Polygon: autoDraw = True
505.4375 	EXP 	unnamed Polygon: autoDraw = True
505.4493 	EXP 	unnamed Polygon: autoDraw = True
505.4543 	EXP 	unnamed Polygon: autoDraw = True
505.4658 	EXP 	unnamed Polygon: autoDraw = True
505.4710 	EXP 	unnamed Polygon: autoDraw = True
505.4824 	EXP 	unnamed Polygon: autoDraw = True
505.4873 	EXP 	unnamed Polygon: autoDraw = True
505.4994 	EXP 	unnamed Polygon: autoDraw = True
505.5049 	EXP 	unnamed Polygon: autoDraw = True
505.5161 	EXP 	unnamed Polygon: autoDraw = True
505.5214 	EXP 	unnamed Polygon: autoDraw = True
505.5328 	EXP 	unnamed Polygon: autoDraw = True
505.5379 	EXP 	unnamed Polygon: autoDraw = True
505.5493 	EXP 	unnamed Polygon: autoDraw = True
505.5543 	EXP 	unnamed Polygon: autoDraw = True
505.5658 	EXP 	unnamed Polygon: autoDraw = True
505.5706 	EXP 	unnamed Polygon: autoDraw = True
505.5825 	EXP 	unnamed Polygon: autoDraw = True
505.5877 	EXP 	unnamed Polygon: autoDraw = True
505.5992 	EXP 	unnamed Polygon: autoDraw = True
505.6040 	EXP 	unnamed Polygon: autoDraw = True
505.6159 	EXP 	unnamed Polygon: autoDraw = True
505.6212 	EXP 	unnamed Polygon: autoDraw = True
505.6326 	EXP 	unnamed Polygon: autoDraw = True
505.6375 	EXP 	unnamed Polygon: autoDraw = True
505.6492 	EXP 	unnamed Polygon: autoDraw = True
505.6547 	EXP 	unnamed Polygon: autoDraw = True
505.6660 	EXP 	unnamed Polygon: autoDraw = True
505.6713 	EXP 	unnamed Polygon: autoDraw = True
505.6826 	EXP 	unnamed Polygon: autoDraw = True
505.6871 	EXP 	unnamed Polygon: autoDraw = True
505.6993 	EXP 	unnamed Polygon: autoDraw = False
507.1213 	EXP 	trial_feedback: text = 'Miss!\n$0.00'
507.1213 	EXP 	trial_feedback: autoDraw = True
509.1160 	EXP 	trial_feedback: autoDraw = False
509.1223 	EXP 	trial_feedback: autoDraw = False
509.1223 	EXP 	exp_feedback: autoDraw = False
516.5182 	DATA 	Keypress: 6
517.1987 	DATA 	Keypress: 6
523.1423 	EXP 	unnamed TextStim: text = 'Instructions...\n\nYour goal is to make as much money as possible.\n\nRemember:\nWIN CIRCLES = win money\nLOSE SQUARES = lose money\n\nQUICKLY press the pointer button with your pointer finger when you see the solid white triangle.\n\nYou will get feedback on whether you pressed the pointer button in time and if you won or lost money.'
525.6511 	EXP 	Created unnamed TextStim = TextStim(__class__=<class 'psychopy.visual.text.TextStim'>, alignHoriz=method-wrapper(...), alignText='center', alignVert=method-wrapper(...), anchorHoriz='center', anchorVert='center', antialias=True, autoDraw=False, autoLog=True, bold=False, color=array([1., 1., 1.]), colorSpace='rgb', contrast=1.0, depth=0, draggable=False, flipHoriz=False, flipVert=False, font='', fontFiles=[], height=np.float64(0.08), italic=False, languageStyle='LTR', name='unnamed TextStim', opacity=1.0, ori=0.0, pos=array([-0.65,  0.15]), rgb=UNKNOWN, text='+', units='height', win=Window(...), wrapWidth=1)
525.6686 	EXP 	Created unnamed ImageStim = ImageStim(__class__=<class 'psychopy.visual.image.ImageStim'>, anchor=('center', 'center'), autoLog=True, color=array([1., 1., 1.]), colorSpace='rgb', contrast=1.0, depth=0, draggable=False, flipHoriz=np.False_, flipVert=np.False_, image='../stimuli/reward_high_200_british.png', interpolate=False, mask=None, maskParams=None, name='unnamed ImageStim', opacity=1, ori=0.0, pos=array([-0.35,  0.15]), size=array([0.2, 0.2]), texRes=128, units='height', win=Window(...))
525.6717 	EXP 	Created unnamed TextStim = TextStim(__class__=<class 'psychopy.visual.text.TextStim'>, alignHoriz=method-wrapper(...), alignText='center', alignVert=method-wrapper(...), anchorHoriz='center', anchorVert='center', antialias=True, autoDraw=False, autoLog=True, bold=False, color=array([1., 1., 1.]), colorSpace='rgb', contrast=1.0, depth=0, draggable=False, flipHoriz=False, flipVert=False, font='', fontFiles=[], height=np.float64(0.08), italic=False, languageStyle='LTR', name='unnamed TextStim', opacity=1.0, ori=0.0, pos=array([-0.15,  0.15]), rgb=UNKNOWN, text='+', units='height', win=Window(...), wrapWidth=1)
525.6752 	EXP 	Created unnamed Polygon = Polygon(__class__=<class 'psychopy.visual.polygon.Polygon'>, anchor=('center', 'center'), autoDraw=False, autoLog=True, closeShape=True, color=method-wrapper(...), colorSpace='rgb', contrast=None, depth=0, draggable=False, fillColor=array([1, 1, 1]), fillColorSpace='rgb', fillRGB=array([1, 1, 1]), interpolate=True, lineColor=array([1., 1., 1.]), lineColorSpace='rgb', lineRGB=array([1, 1, 1]), lineWidth=1.5, name='unnamed Polygon', opacity=1, ori=0.0, pos=array([0.15, 0.15]), size=array([1., 1.]), units='height', vertices=ndarray(...), win=Window(...), windingRule=None)
525.6790 	EXP 	Created unnamed TextStim = TextStim(__class__=<class 'psychopy.visual.text.TextStim'>, alignHoriz=method-wrapper(...), alignText='center', alignVert=method-wrapper(...), anchorHoriz='center', anchorVert='center', antialias=True, autoDraw=False, autoLog=True, bold=False, color=array([1., 1., 1.]), colorSpace='rgb', contrast=1.0, depth=0, draggable=False, flipHoriz=False, flipVert=False, font='', fontFiles=[], height=np.float64(0.08), italic=False, languageStyle='LTR', name='unnamed TextStim', opacity=1.0, ori=0.0, pos=array([0.35, 0.15]), rgb=UNKNOWN, text='+', units='height', win=Window(...), wrapWidth=1)
525.6833 	EXP 	Created unnamed TextStim = TextStim(__class__=<class 'psychopy.visual.text.TextStim'>, alignHoriz=method-wrapper(...), alignText='center', alignVert=method-wrapper(...), anchorHoriz='center', anchorVert='center', antialias=True, autoDraw=False, autoLog=True, bold=False, color=array([1., 1., 1.]), colorSpace='rgb', contrast=1.0, depth=0, draggable=False, flipHoriz=False, flipVert=False, font='', fontFiles=[], height=np.float64(0.08), italic=False, languageStyle='LTR', name='unnamed TextStim', opacity=1.0, ori=0.0, pos=array([0.65, 0.15]), rgb=UNKNOWN, text='Hit!\n+£2.00', units='height', win=Window(...), wrapWidth=1)
525.6836 	WARNING 	TextStim.alignHoriz is deprecated. Use alignText and anchorHoriz attributes instead
525.6878 	EXP 	Created unnamed TextStim = TextStim(__class__=<class 'psychopy.visual.text.TextStim'>, alignHoriz='center', alignText='center', alignVert=method-wrapper(...), anchorHoriz='center', anchorVert='center', antialias=True, autoDraw=False, autoLog=True, bold=False, color=array([1., 1., 1.]), colorSpace='rgb', contrast=1.0, depth=0, draggable=False, flipHoriz=False, flipVert=False, font='', fontFiles=[], height=np.float64(0.04), italic=False, languageStyle='LTR', name='unnamed TextStim', opacity=1.0, ori=0.0, pos=array([-0.65, -0.15]), rgb=UNKNOWN, text='Pay attention', units='height', win=Window(...), wrapWidth=0.1)
525.6880 	WARNING 	TextStim.alignHoriz is deprecated. Use alignText and anchorHoriz attributes instead
525.6928 	EXP 	Created unnamed TextStim = TextStim(__class__=<class 'psychopy.visual.text.TextStim'>, alignHoriz='center', alignText='center', alignVert=method-wrapper(...), anchorHoriz='center', anchorVert='center', antialias=True, autoDraw=False, autoLog=True, bold=False, color=array([1., 1., 1.]), colorSpace='rgb', contrast=1.0, depth=0, draggable=False, flipHoriz=False, flipVert=False, font='', fontFiles=[], height=np.float64(0.04), italic=False, languageStyle='LTR', name='unnamed TextStim', opacity=1.0, ori=0.0, pos=array([-0.35, -0.15]), rgb=UNKNOWN, text="Cue: don't respond yet", units='height', win=Window(...), wrapWidth=0.1)
525.6930 	WARNING 	TextStim.alignHoriz is deprecated. Use alignText and anchorHoriz attributes instead
525.6953 	EXP 	Created unnamed TextStim = TextStim(__class__=<class 'psychopy.visual.text.TextStim'>, alignHoriz='center', alignText='center', alignVert=method-wrapper(...), anchorHoriz='center', anchorVert='center', antialias=True, autoDraw=False, autoLog=True, bold=False, color=array([1., 1., 1.]), colorSpace='rgb', contrast=1.0, depth=0, draggable=False, flipHoriz=False, flipVert=False, font='', fontFiles=[], height=np.float64(0.04), italic=False, languageStyle='LTR', name='unnamed TextStim', opacity=1.0, ori=0.0, pos=array([-0.15, -0.15]), rgb=UNKNOWN, text='Pay attention', units='height', win=Window(...), wrapWidth=0.1)
525.6954 	WARNING 	TextStim.alignHoriz is deprecated. Use alignText and anchorHoriz attributes instead
525.7000 	EXP 	Created unnamed TextStim = TextStim(__class__=<class 'psychopy.visual.text.TextStim'>, alignHoriz='center', alignText='center', alignVert=method-wrapper(...), anchorHoriz='center', anchorVert='center', antialias=True, autoDraw=False, autoLog=True, bold=False, color=array([1., 1., 1.]), colorSpace='rgb', contrast=1.0, depth=0, draggable=False, flipHoriz=False, flipVert=False, font='', fontFiles=[], height=np.float64(0.04), italic=False, languageStyle='LTR', name='unnamed TextStim', opacity=1.0, ori=0.0, pos=array([ 0.15, -0.15]), rgb=UNKNOWN, text='Respond when solid triangle is on screen', units='height', win=Window(...), wrapWidth=0.1)
525.7001 	WARNING 	TextStim.alignHoriz is deprecated. Use alignText and anchorHoriz attributes instead
525.7021 	EXP 	Created unnamed TextStim = TextStim(__class__=<class 'psychopy.visual.text.TextStim'>, alignHoriz='center', alignText='center', alignVert=method-wrapper(...), anchorHoriz='center', anchorVert='center', antialias=True, autoDraw=False, autoLog=True, bold=False, color=array([1., 1., 1.]), colorSpace='rgb', contrast=1.0, depth=0, draggable=False, flipHoriz=False, flipVert=False, font='', fontFiles=[], height=np.float64(0.04), italic=False, languageStyle='LTR', name='unnamed TextStim', opacity=1.0, ori=0.0, pos=array([ 0.35, -0.15]), rgb=UNKNOWN, text='Pay attention', units='height', win=Window(...), wrapWidth=0.1)
525.7022 	WARNING 	TextStim.alignHoriz is deprecated. Use alignText and anchorHoriz attributes instead
525.7046 	EXP 	Created unnamed TextStim = TextStim(__class__=<class 'psychopy.visual.text.TextStim'>, alignHoriz='center', alignText='center', alignVert=method-wrapper(...), anchorHoriz='center', anchorVert='center', antialias=True, autoDraw=False, autoLog=True, bold=False, color=array([1., 1., 1.]), colorSpace='rgb', contrast=1.0, depth=0, draggable=False, flipHoriz=False, flipVert=False, font='', fontFiles=[], height=np.float64(0.04), italic=False, languageStyle='LTR', name='unnamed TextStim', opacity=1.0, ori=0.0, pos=array([ 0.65, -0.15]), rgb=UNKNOWN, text='Feedback', units='height', win=Window(...), wrapWidth=0.1)
525.7119 	DATA 	Keypress: 6
526.9125 	DATA 	Keypress: 6
528.4187 	DATA 	Keypress: 6
528.4208 	DATA 	Keypress: return
529.8601 	DATA 	Keypress: space
529.8626 	DATA 	Keypress: t
538.9724 	EXP 	unnamed Polygon: autoDraw = True
538.9724 	EXP 	unnamed Polygon: autoDraw = True
538.9828 	EXP 	unnamed Polygon: autoDraw = True
538.9881 	EXP 	unnamed Polygon: autoDraw = True
538.9995 	EXP 	unnamed Polygon: autoDraw = True
539.0045 	EXP 	unnamed Polygon: autoDraw = True
539.0160 	EXP 	unnamed Polygon: autoDraw = True
539.0210 	EXP 	unnamed Polygon: autoDraw = True
539.0327 	EXP 	unnamed Polygon: autoDraw = True
539.0382 	EXP 	unnamed Polygon: autoDraw = True
539.0493 	EXP 	unnamed Polygon: autoDraw = True
539.0546 	EXP 	unnamed Polygon: autoDraw = True
539.0662 	EXP 	unnamed Polygon: autoDraw = True
539.0715 	EXP 	unnamed Polygon: autoDraw = True
539.0826 	EXP 	unnamed Polygon: autoDraw = True
539.0875 	EXP 	unnamed Polygon: autoDraw = True
539.0995 	EXP 	unnamed Polygon: autoDraw = True
539.1046 	EXP 	unnamed Polygon: autoDraw = True
539.1161 	EXP 	unnamed Polygon: autoDraw = True
539.1206 	EXP 	unnamed Polygon: autoDraw = True
539.1326 	EXP 	unnamed Polygon: autoDraw = True
539.1370 	EXP 	unnamed Polygon: autoDraw = True
539.1495 	EXP 	unnamed Polygon: autoDraw = True
539.1546 	EXP 	unnamed Polygon: autoDraw = True
539.1661 	EXP 	unnamed Polygon: autoDraw = True
539.1709 	EXP 	unnamed Polygon: autoDraw = True
539.1828 	EXP 	unnamed Polygon: autoDraw = True
539.1881 	EXP 	unnamed Polygon: autoDraw = True
539.1995 	EXP 	unnamed Polygon: autoDraw = True
539.2048 	EXP 	unnamed Polygon: autoDraw = True
539.2160 	EXP 	unnamed Polygon: autoDraw = True
539.2215 	EXP 	unnamed Polygon: autoDraw = True
539.2326 	EXP 	unnamed Polygon: autoDraw = True
539.2379 	EXP 	unnamed Polygon: autoDraw = True
539.2495 	EXP 	unnamed Polygon: autoDraw = True
539.2548 	EXP 	unnamed Polygon: autoDraw = True
539.2660 	EXP 	unnamed Polygon: autoDraw = True
539.2710 	EXP 	unnamed Polygon: autoDraw = True
539.2826 	EXP 	unnamed Polygon: autoDraw = True
539.2875 	EXP 	unnamed Polygon: autoDraw = True
539.2992 	EXP 	unnamed Polygon: autoDraw = False
540.8826 	EXP 	trial_feedback: text = 'Miss!\n$0.00'
540.8826 	EXP 	trial_feedback: autoDraw = True
542.8704 	EXP 	trial_feedback: autoDraw = False
542.8891 	EXP 	trial_feedback: autoDraw = False
542.8891 	EXP 	exp_feedback: autoDraw = False
553.0829 	EXP 	unnamed Polygon: autoDraw = True
553.0829 	EXP 	unnamed Polygon: autoDraw = True
553.0878 	EXP 	unnamed Polygon: autoDraw = True
553.0994 	EXP 	unnamed Polygon: autoDraw = True
553.1039 	EXP 	unnamed Polygon: autoDraw = True
553.1162 	EXP 	unnamed Polygon: autoDraw = True
553.1207 	EXP 	unnamed Polygon: autoDraw = True
553.1328 	EXP 	unnamed Polygon: autoDraw = True
553.1378 	EXP 	unnamed Polygon: autoDraw = True
553.1495 	EXP 	unnamed Polygon: autoDraw = True
553.1545 	EXP 	unnamed Polygon: autoDraw = True
553.1661 	EXP 	unnamed Polygon: autoDraw = True
553.1709 	EXP 	unnamed Polygon: autoDraw = True
553.1828 	EXP 	unnamed Polygon: autoDraw = True
553.1880 	EXP 	unnamed Polygon: autoDraw = True
553.1994 	EXP 	unnamed Polygon: autoDraw = True
553.2043 	EXP 	unnamed Polygon: autoDraw = True
553.2160 	EXP 	unnamed Polygon: autoDraw = True
553.2206 	EXP 	unnamed Polygon: autoDraw = True
553.2328 	EXP 	unnamed Polygon: autoDraw = True
553.2372 	EXP 	unnamed Polygon: autoDraw = True
553.2495 	EXP 	unnamed Polygon: autoDraw = True
553.2546 	EXP 	unnamed Polygon: autoDraw = True
553.2660 	EXP 	unnamed Polygon: autoDraw = True
553.2711 	EXP 	unnamed Polygon: autoDraw = True
553.2828 	EXP 	unnamed Polygon: autoDraw = True
553.2879 	EXP 	unnamed Polygon: autoDraw = True
553.2996 	EXP 	unnamed Polygon: autoDraw = True
553.3045 	EXP 	unnamed Polygon: autoDraw = True
553.3161 	EXP 	unnamed Polygon: autoDraw = True
553.3210 	EXP 	unnamed Polygon: autoDraw = True
553.3327 	EXP 	unnamed Polygon: autoDraw = True
553.3376 	EXP 	unnamed Polygon: autoDraw = True
553.3494 	EXP 	unnamed Polygon: autoDraw = True
553.3547 	EXP 	unnamed Polygon: autoDraw = True
553.3660 	EXP 	unnamed Polygon: autoDraw = True
553.3714 	EXP 	unnamed Polygon: autoDraw = True
553.3827 	EXP 	unnamed Polygon: autoDraw = True
553.3875 	EXP 	unnamed Polygon: autoDraw = True
553.3995 	EXP 	unnamed Polygon: autoDraw = True
553.4076 	EXP 	unnamed Polygon: autoDraw = False
554.9110 	EXP 	trial_feedback: height = np.float64(0.09)
554.9110 	EXP 	trial_feedback: height = np.float64(0.09)
554.9110 	EXP 	trial_feedback: height = np.float64(0.09)
554.9110 	EXP 	trial_feedback: text = 'Miss!\n-$0.00'
554.9110 	EXP 	trial_feedback: autoDraw = True
556.8994 	EXP 	trial_feedback: autoDraw = False
556.9060 	EXP 	trial_feedback: autoDraw = False
556.9060 	EXP 	exp_feedback: autoDraw = False
557.9835 	WARNING 	Escape pressed, exiting early!
557.9836 	WARNING 	Total earnings: -15.0
