29.9491 	WARNING 	Monitor specification not found. Creating a temporary one...
29.9696 	WARNING 	Requested an unavailable screen number - using first available.
29.9716 	WARNING 	User requested fullscreen with size [800 600], but screen is actually [2240, 1260]. Using actual size
31.5631 	WARNING 	Couldn't measure a consistent frame rate!
  - Is your graphics card set to sync to vertical blank?
  - Are you running other processes on your computer?

31.5637 	EXP 	Created window1 = Window(allowGUI=True, allowStencil=False, autoLog=True, backendConf=UNKNOWN, backgroundFit=<method-wrapper '__getattribute__' of attributeSetter object at 0x14d3b2890>, backgroundImage=<method-wrapper '__getattribute__' of attributeSetter object at 0x14d3b28f0>, bitsMode=UNKNOWN, blendMode='avg', bpc=(8, 8, 8), color=array([-1, -1, -1]), colorSpace='rgb', depthBits=8, fullscr=True, gamma=None, gammaErrorPolicy='raise', infoMsg=UNKNOWN, lms=UNKNOWN, monitor=<psychopy.monitors.calibTools.Monitor object at 0x15027ace0>, multiSample=False, name='window1', numSamples=2, pos=[np.float64(0.0), np.float64(0.0)], screen=1, size=array([4480, 2520]), stencilBits=0, stereo=False, title='PsychoPy', units='height', useFBO=False, useRetina=True, viewOri=0.0, viewPos=None, viewScale=None, waitBlanking=True, winType='pyglet')
31.5638 	EXP 	window1: backgroundImage = None
31.5638 	EXP 	window1: backgroundFit = 'cover'
31.5670 	EXP 	window1: Attempting to measure frame rate of screen (1) ...
31.5671 	EXP 	window1: recordFrameIntervals = False
31.6464 	EXP 	window1: recordFrameIntervals = True
32.4799 	WARNING 	Couldn't measure a consistent frame rate!
  - Is your graphics card set to sync to vertical blank?
  - Are you running other processes on your computer?

32.5282 	EXP 	Created unnamed TextStim = TextStim(__class__=<class 'psychopy.visual.text.TextStim'>, alignHoriz=method-wrapper(...), alignText='center', alignVert=method-wrapper(...), anchorHoriz='center', anchorVert='center', antialias=True, autoDraw=False, autoLog=True, bold=False, color=array([1., 1., 1.]), colorSpace='rgb', contrast=1.0, depth=0, draggable=False, flipHoriz=False, flipVert=False, font='', fontFiles=[], height=np.float64(0.04), italic=False, languageStyle='LTR', name='unnamed TextStim', opacity=1.0, ori=0.0, pos=array([ 0.  , -0.25]), rgb=UNKNOWN, text='Press the pointer button to continue.', units='height', win=Window(...), wrapWidth=1)
32.5315 	EXP 	Created unnamed TextStim = TextStim(__class__=<class 'psychopy.visual.text.TextStim'>, alignHoriz=method-wrapper(...), alignText='center', alignVert=method-wrapper(...), anchorHoriz='center', anchorVert='center', antialias=True, autoDraw=False, autoLog=True, bold=False, color=array([1., 1., 1.]), colorSpace='rgb', contrast=1.0, depth=0, draggable=False, flipHoriz=False, flipVert=False, font='', fontFiles=[], height=np.float64(0.08), italic=False, languageStyle='LTR', name='unnamed TextStim', opacity=1.0, ori=0.0, pos=array([0., 0.]), rgb=UNKNOWN, text='+', units='height', win=Window(...), wrapWidth=1)
32.5379 	EXP 	Created unnamed TextStim = TextStim(__class__=<class 'psychopy.visual.text.TextStim'>, alignHoriz=method-wrapper(...), alignText='center', alignVert=method-wrapper(...), anchorHoriz='center', anchorVert='center', antialias=True, autoDraw=False, autoLog=True, bold=False, color=array([1., 1., 1.]), colorSpace='rgb', contrast=1.0, depth=0, draggable=False, flipHoriz=False, flipVert=False, font='', fontFiles=[], height=np.float64(0.04), italic=False, languageStyle='LTR', name='unnamed TextStim', opacity=1.0, ori=0.0, pos=array([0., 0.]), rgb=UNKNOWN, text=str(...), units='height', win=Window(...), wrapWidth=0.8888888888888888)
32.5464 	EXP 	Created unnamed TextStim = TextStim(__class__=<class 'psychopy.visual.text.TextStim'>, alignHoriz=method-wrapper(...), alignText='center', alignVert=method-wrapper(...), anchorHoriz='center', anchorVert='center', antialias=True, autoDraw=False, autoLog=True, bold=False, color=array([1., 1., 1.]), colorSpace='rgb', contrast=1.0, depth=0, draggable=False, flipHoriz=False, flipVert=False, font='Arial', fontFiles=[], height=np.float64(0.04), italic=False, languageStyle='LTR', name='unnamed TextStim', opacity=1.0, ori=0.0, pos=array([0. , 0.1]), rgb=UNKNOWN, text='Hello World', units='height', win=Window(...), wrapWidth=0.8888888888888888)
32.5576 	EXP 	Created unnamed TextStim = TextStim(__class__=<class 'psychopy.visual.text.TextStim'>, alignHoriz=method-wrapper(...), alignText='center', alignVert=method-wrapper(...), anchorHoriz='center', anchorVert='center', antialias=True, autoDraw=False, autoLog=True, bold=False, color=array([1., 1., 1.]), colorSpace='rgb', contrast=1.0, depth=0, draggable=False, flipHoriz=False, flipVert=False, font='', fontFiles=[], height=np.float64(0.04), italic=False, languageStyle='LTR', name='unnamed TextStim', opacity=1.0, ori=0.0, pos=array([0., 0.]), rgb=UNKNOWN, text=str(...), units='height', win=Window(...), wrapWidth=0.8888888888888888)
32.5610 	EXP 	Created unnamed TextStim = TextStim(__class__=<class 'psychopy.visual.text.TextStim'>, alignHoriz=method-wrapper(...), alignText='center', alignVert=method-wrapper(...), anchorHoriz='center', anchorVert='center', antialias=True, autoDraw=False, autoLog=True, bold=False, color=array([1., 1., 1.]), colorSpace='rgb', contrast=1.0, depth=0, draggable=False, flipHoriz=False, flipVert=False, font='', fontFiles=[], height=np.float64(0.04), italic=False, languageStyle='LTR', name='unnamed TextStim', opacity=1.0, ori=0.0, pos=array([0., 0.]), rgb=UNKNOWN, text=str(...), units='height', win=Window(...), wrapWidth=1)
32.5652 	EXP 	Created unnamed TextStim = TextStim(__class__=<class 'psychopy.visual.text.TextStim'>, alignHoriz=method-wrapper(...), alignText='center', alignVert=method-wrapper(...), anchorHoriz='center', anchorVert='center', antialias=True, autoDraw=False, autoLog=True, bold=False, color=array([1., 1., 1.]), colorSpace='rgb', contrast=1.0, depth=0, draggable=False, flipHoriz=False, flipVert=False, font='', fontFiles=[], height=np.float64(0.04), italic=False, languageStyle='LTR', name='unnamed TextStim', opacity=1.0, ori=0.0, pos=array([0., 0.]), rgb=UNKNOWN, text=str(...), units='height', win=Window(...), wrapWidth=0.8888888888888888)
32.7520 	EXP 	Created unnamed ImageStim = ImageStim(__class__=<class 'psychopy.visual.image.ImageStim'>, anchor=('center', 'center'), autoLog=True, color=array([1., 1., 1.]), colorSpace='rgb', contrast=1.0, depth=0, draggable=False, flipHoriz=np.False_, flipVert=np.False_, image='../stimuli/reward_low_050_british.png', interpolate=False, mask=None, maskParams=None, name='unnamed ImageStim', opacity=1, ori=0.0, pos=array([0., 0.]), size=array([0.3, 0.3]), texRes=128, units='height', win=Window(...))
32.7585 	EXP 	Created unnamed ImageStim = ImageStim(__class__=<class 'psychopy.visual.image.ImageStim'>, anchor=('center', 'center'), autoLog=True, color=array([1., 1., 1.]), colorSpace='rgb', contrast=1.0, depth=0, draggable=False, flipHoriz=np.False_, flipVert=np.False_, image='../stimuli/reward_high_200_british.png', interpolate=False, mask=None, maskParams=None, name='unnamed ImageStim', opacity=1, ori=0.0, pos=array([0., 0.]), size=array([0.3, 0.3]), texRes=128, units='height', win=Window(...))
32.7653 	EXP 	Created unnamed ImageStim = ImageStim(__class__=<class 'psychopy.visual.image.ImageStim'>, anchor=('center', 'center'), autoLog=True, color=array([1., 1., 1.]), colorSpace='rgb', contrast=1.0, depth=0, draggable=False, flipHoriz=np.False_, flipVert=np.False_, image='../stimuli/reward_neut_0_british.png', interpolate=False, mask=None, maskParams=None, name='unnamed ImageStim', opacity=1, ori=0.0, pos=array([0., 0.]), size=array([0.3, 0.3]), texRes=128, units='height', win=Window(...))
32.7728 	EXP 	Created unnamed ImageStim = ImageStim(__class__=<class 'psychopy.visual.image.ImageStim'>, anchor=('center', 'center'), autoLog=True, color=array([1., 1., 1.]), colorSpace='rgb', contrast=1.0, depth=0, draggable=False, flipHoriz=np.False_, flipVert=np.False_, image='../stimuli/loss_low_050_british.png', interpolate=False, mask=None, maskParams=None, name='unnamed ImageStim', opacity=1, ori=0.0, pos=array([0., 0.]), size=array([0.3, 0.3]), texRes=128, units='height', win=Window(...))
32.7791 	EXP 	Created unnamed ImageStim = ImageStim(__class__=<class 'psychopy.visual.image.ImageStim'>, anchor=('center', 'center'), autoLog=True, color=array([1., 1., 1.]), colorSpace='rgb', contrast=1.0, depth=0, draggable=False, flipHoriz=np.False_, flipVert=np.False_, image='../stimuli/loss_high_200_british.png', interpolate=False, mask=None, maskParams=None, name='unnamed ImageStim', opacity=1, ori=0.0, pos=array([0., 0.]), size=array([0.3, 0.3]), texRes=128, units='height', win=Window(...))
32.7853 	EXP 	Created unnamed ImageStim = ImageStim(__class__=<class 'psychopy.visual.image.ImageStim'>, anchor=('center', 'center'), autoLog=True, color=array([1., 1., 1.]), colorSpace='rgb', contrast=1.0, depth=0, draggable=False, flipHoriz=np.False_, flipVert=np.False_, image='../stimuli/loss_neut_0_british.png', interpolate=False, mask=None, maskParams=None, name='unnamed ImageStim', opacity=1, ori=0.0, pos=array([0., 0.]), size=array([0.3, 0.3]), texRes=128, units='height', win=Window(...))
32.7923 	EXP 	Created unnamed Polygon = Polygon(__class__=<class 'psychopy.visual.polygon.Polygon'>, anchor=('center', 'center'), autoDraw=False, autoLog=True, closeShape=True, color=method-wrapper(...), colorSpace='rgb', contrast=None, depth=0, draggable=False, fillColor=array([1, 1, 1]), fillColorSpace='rgb', fillRGB=array([1, 1, 1]), interpolate=True, lineColor=array([1., 1., 1.]), lineColorSpace='rgb', lineRGB=array([1, 1, 1]), lineWidth=1.5, name='unnamed Polygon', opacity=1, ori=0.0, pos=array([0., 0.]), size=array([1., 1.]), units='height', vertices=ndarray(...), win=Window(...), windingRule=None)
32.7957 	EXP 	Created trial_feedback = TextStim(__class__=<class 'psychopy.visual.text.TextStim'>, alignHoriz=method-wrapper(...), alignText='center', alignVert=method-wrapper(...), anchorHoriz='center', anchorVert='center', antialias=True, autoDraw=False, autoLog=True, bold=False, color=array([1., 1., 1.]), colorSpace='rgb', contrast=1.0, depth=0, draggable=False, flipHoriz=False, flipVert=False, font='Arial', fontFiles=[], height=np.float64(0.09), italic=False, languageStyle='LTR', name='trial_feedback', opacity=1, ori=0, pos=array([0., 0.]), rgb=UNKNOWN, text='Trial:', units='height', win=Window(...), wrapWidth=1)
32.7994 	EXP 	Created exp_feedback = TextStim(__class__=<class 'psychopy.visual.text.TextStim'>, alignHoriz=method-wrapper(...), alignText='center', alignVert=method-wrapper(...), anchorHoriz='center', anchorVert='center', antialias=True, autoDraw=False, autoLog=True, bold=False, color=array([1., 1., 1.]), colorSpace='rgb', contrast=1.0, depth=0, draggable=False, flipHoriz=False, flipVert=False, font='Arial', fontFiles=[], height=np.float64(0.09), italic=False, languageStyle='LTR', name='exp_feedback', opacity=1, ori=0, pos=array([ 0.    , -0.0625]), rgb=UNKNOWN, text='Total:', units='height', win=Window(...), wrapWidth=1)
32.8038 	EXP 	Created unnamed TextStim = TextStim(__class__=<class 'psychopy.visual.text.TextStim'>, alignHoriz=method-wrapper(...), alignText='center', alignVert=method-wrapper(...), anchorHoriz='center', anchorVert='center', antialias=True, autoDraw=False, autoLog=True, bold=False, color=array([1., 1., 1.]), colorSpace='rgb', contrast=1.0, depth=0, draggable=False, flipHoriz=False, flipVert=False, font='', fontFiles=[], height=np.float64(0.04), italic=False, languageStyle='LTR', name='unnamed TextStim', opacity=1.0, ori=0.0, pos=array([0., 0.]), rgb=UNKNOWN, text=str(...), units='height', win=Window(...), wrapWidth=1)
32.8082 	EXP 	Created unnamed TextStim = TextStim(__class__=<class 'psychopy.visual.text.TextStim'>, alignHoriz=method-wrapper(...), alignText='center', alignVert=method-wrapper(...), anchorHoriz='center', anchorVert='center', antialias=True, autoDraw=False, autoLog=True, bold=False, color=array([1., 1., 1.]), colorSpace='rgb', contrast=1.0, depth=0, draggable=False, flipHoriz=False, flipVert=False, font='', fontFiles=[], height=np.float64(0.04), italic=False, languageStyle='LTR', name='unnamed TextStim', opacity=1.0, ori=0.0, pos=array([0., 0.]), rgb=UNKNOWN, text=str(...), units='height', win=Window(...), wrapWidth=1)
32.8123 	EXP 	Created unnamed TextStim = TextStim(__class__=<class 'psychopy.visual.text.TextStim'>, alignHoriz=method-wrapper(...), alignText='center', alignVert=method-wrapper(...), anchorHoriz='center', anchorVert='center', antialias=True, autoDraw=False, autoLog=True, bold=False, color=array([1., 1., 1.]), colorSpace='rgb', contrast=1.0, depth=0, draggable=False, flipHoriz=False, flipVert=False, font='', fontFiles=[], height=np.float64(0.04), italic=False, languageStyle='LTR', name='unnamed TextStim', opacity=1.0, ori=0.0, pos=array([0., 0.]), rgb=UNKNOWN, text=str(...), units='height', win=Window(...), wrapWidth=1)
32.8161 	EXP 	Created unnamed TextStim = TextStim(__class__=<class 'psychopy.visual.text.TextStim'>, alignHoriz=method-wrapper(...), alignText='center', alignVert=method-wrapper(...), anchorHoriz='center', anchorVert='center', antialias=True, autoDraw=False, autoLog=True, bold=False, color=array([1., 1., 1.]), colorSpace='rgb', contrast=1.0, depth=0, draggable=False, flipHoriz=False, flipVert=False, font='', fontFiles=[], height=np.float64(0.04), italic=False, languageStyle='LTR', name='unnamed TextStim', opacity=1.0, ori=0.0, pos=array([0., 0.]), rgb=UNKNOWN, text=str(...), units='height', win=Window(...), wrapWidth=1)
32.8177 	EXP 	Created unnamed TextStim = TextStim(__class__=<class 'psychopy.visual.text.TextStim'>, alignHoriz=method-wrapper(...), alignText='center', alignVert=method-wrapper(...), anchorHoriz='center', anchorVert='center', antialias=True, autoDraw=False, autoLog=True, bold=False, color=array([1., 1., 1.]), colorSpace='rgb', contrast=1.0, depth=0, draggable=False, flipHoriz=False, flipVert=False, font='', fontFiles=[], height=np.float64(0.04), italic=False, languageStyle='LTR', name='unnamed TextStim', opacity=1.0, ori=0.0, pos=array([0., 0.]), rgb=UNKNOWN, text='Get ready', units='height', win=Window(...), wrapWidth=1)
32.8192 	EXP 	Created unnamed TextStim = TextStim(__class__=<class 'psychopy.visual.text.TextStim'>, alignHoriz=method-wrapper(...), alignText='center', alignVert=method-wrapper(...), anchorHoriz='center', anchorVert='center', antialias=True, autoDraw=False, autoLog=True, bold=False, color=array([1., 1., 1.]), colorSpace='rgb', contrast=1.0, depth=0, draggable=False, flipHoriz=False, flipVert=False, font='', fontFiles=[], height=np.float64(0.04), italic=False, languageStyle='LTR', name='unnamed TextStim', opacity=1.0, ori=0.0, pos=array([0., 0.]), rgb=UNKNOWN, text='Please wait\n\n', units='height', win=Window(...), wrapWidth=1)
32.9120 	WARNING 	t of last frame was 432.25ms (=1/2)
32.9120 	EXP 	unnamed TextStim: height = np.float64(0.04)
32.9120 	EXP 	unnamed TextStim: height = np.float64(0.04)
32.9120 	EXP 	unnamed TextStim: height = np.float64(0.04)
32.9120 	EXP 	unnamed TextStim: text = 'Welcome to the triangle game!'
35.1238 	DATA 	Keypress: 6
35.1348 	WARNING 	t of last frame was 2222.75ms (=1/0)
35.1348 	EXP 	unnamed TextStim: height = np.float64(0.04)
35.1348 	EXP 	unnamed TextStim: height = np.float64(0.04)
35.1348 	EXP 	unnamed TextStim: height = np.float64(0.04)
35.1348 	EXP 	unnamed TextStim: text = 'First you will see a cross in the middle of the screen, like this:\n\n+\n\nThis means you should focus on the screen and get ready to play. '
36.9230 	EXP 	Created unnamed Polygon = Polygon(__class__=<class 'psychopy.visual.polygon.Polygon'>, anchor=('center', 'center'), autoDraw=False, autoLog=True, closeShape=True, color=method-wrapper(...), colorSpace='rgb', contrast=None, depth=0, draggable=False, fillColor=array([1, 1, 1]), fillColorSpace='rgb', fillRGB=array([1, 1, 1]), interpolate=True, lineColor=array([1., 1., 1.]), lineColorSpace='rgb', lineRGB=array([1, 1, 1]), lineWidth=1.5, name='unnamed Polygon', opacity=1, ori=0.0, pos=array([0. , 0.1]), size=array([1., 1.]), units='height', vertices=ndarray(...), win=Window(...), windingRule=None)
36.9399 	DATA 	Keypress: 6
36.9589 	WARNING 	t of last frame was 1824.18ms (=1/0)
36.9589 	EXP 	unnamed TextStim: height = np.float64(0.04)
36.9589 	EXP 	unnamed TextStim: height = np.float64(0.04)
36.9589 	EXP 	unnamed TextStim: height = np.float64(0.04)
36.9589 	EXP 	unnamed TextStim: text = 'Next, a small solid WHITE TRIANGLE will appear on the screen:\n\n \n\n \n\n \n\nPress the pointer button as fast as you can when you see the solid white triangle. '
40.8205 	DATA 	Keypress: 6
40.8349 	WARNING 	t of last frame was 3875.99ms (=1/0)
43.1709 	DATA 	Keypress: 6
43.1735 	DATA 	Keypress: return
43.1866 	WARNING 	Multiple dropped frames have occurred - I'll stop bothering you about them!
48.1736 	EXP 	unnamed Polygon: autoDraw = True
48.1736 	EXP 	unnamed Polygon: autoDraw = True
48.1796 	EXP 	unnamed Polygon: autoDraw = True
48.1835 	EXP 	unnamed Polygon: autoDraw = True
48.1966 	EXP 	unnamed Polygon: autoDraw = True
48.2009 	EXP 	unnamed Polygon: autoDraw = True
48.2130 	EXP 	unnamed Polygon: autoDraw = True
48.2174 	EXP 	unnamed Polygon: autoDraw = True
48.2314 	EXP 	unnamed Polygon: autoDraw = True
48.2366 	EXP 	unnamed Polygon: autoDraw = True
48.2476 	EXP 	unnamed Polygon: autoDraw = True
48.2519 	EXP 	unnamed Polygon: autoDraw = True
48.2634 	EXP 	unnamed Polygon: autoDraw = True
48.2677 	EXP 	unnamed Polygon: autoDraw = True
48.2799 	EXP 	unnamed Polygon: autoDraw = True
48.2843 	EXP 	unnamed Polygon: autoDraw = True
48.2976 	EXP 	unnamed Polygon: autoDraw = True
48.3020 	EXP 	unnamed Polygon: autoDraw = True
48.3144 	EXP 	unnamed Polygon: autoDraw = True
48.3200 	EXP 	unnamed Polygon: autoDraw = True
48.3312 	EXP 	unnamed Polygon: autoDraw = True
48.3367 	EXP 	unnamed Polygon: autoDraw = True
48.3476 	EXP 	unnamed Polygon: autoDraw = True
48.3528 	EXP 	unnamed Polygon: autoDraw = True
48.3643 	EXP 	unnamed Polygon: autoDraw = True
48.3693 	EXP 	unnamed Polygon: autoDraw = True
48.3809 	EXP 	unnamed Polygon: autoDraw = True
48.3860 	EXP 	unnamed Polygon: autoDraw = True
48.3976 	EXP 	unnamed Polygon: autoDraw = True
48.4013 	DATA 	Keypress: 6
48.4059 	EXP 	unnamed Polygon: autoDraw = True
48.4141 	EXP 	unnamed Polygon: autoDraw = True
48.4183 	EXP 	unnamed Polygon: autoDraw = True
48.4299 	EXP 	unnamed Polygon: autoDraw = True
48.4344 	EXP 	unnamed Polygon: autoDraw = True
48.4478 	EXP 	unnamed Polygon: autoDraw = True
48.4529 	EXP 	unnamed Polygon: autoDraw = True
48.4642 	EXP 	unnamed Polygon: autoDraw = True
48.4689 	EXP 	unnamed Polygon: autoDraw = True
48.4812 	EXP 	unnamed Polygon: autoDraw = True
48.4878 	EXP 	unnamed Polygon: autoDraw = True
48.4965 	EXP 	unnamed Polygon: autoDraw = True
48.5014 	EXP 	unnamed Polygon: autoDraw = True
48.5142 	EXP 	unnamed Polygon: autoDraw = True
48.5192 	EXP 	unnamed Polygon: autoDraw = True
48.5310 	EXP 	unnamed Polygon: autoDraw = True
48.5360 	EXP 	unnamed Polygon: autoDraw = True
48.5475 	EXP 	unnamed Polygon: autoDraw = True
48.5520 	EXP 	unnamed Polygon: autoDraw = True
48.5633 	EXP 	unnamed Polygon: autoDraw = True
48.5677 	EXP 	unnamed Polygon: autoDraw = True
48.5800 	EXP 	unnamed Polygon: autoDraw = True
48.5844 	EXP 	unnamed Polygon: autoDraw = True
48.5978 	EXP 	unnamed Polygon: autoDraw = True
48.6033 	EXP 	unnamed Polygon: autoDraw = True
48.6143 	EXP 	unnamed Polygon: autoDraw = True
48.6194 	EXP 	unnamed Polygon: autoDraw = True
48.6310 	EXP 	unnamed Polygon: autoDraw = True
48.6361 	EXP 	unnamed Polygon: autoDraw = True
48.6476 	EXP 	unnamed Polygon: autoDraw = True
48.6524 	EXP 	unnamed Polygon: autoDraw = True
48.6644 	EXP 	unnamed Polygon: autoDraw = True
48.6694 	EXP 	unnamed Polygon: autoDraw = True
48.6834 	EXP 	unnamed Polygon: autoDraw = False
58.4706 	EXP 	unnamed Polygon: autoDraw = True
58.4706 	EXP 	unnamed Polygon: autoDraw = True
58.4808 	EXP 	unnamed Polygon: autoDraw = True
58.4851 	EXP 	unnamed Polygon: autoDraw = True
58.4966 	EXP 	unnamed Polygon: autoDraw = True
58.5010 	EXP 	unnamed Polygon: autoDraw = True
58.5146 	EXP 	unnamed Polygon: autoDraw = True
58.5200 	EXP 	unnamed Polygon: autoDraw = True
58.5311 	EXP 	unnamed Polygon: autoDraw = True
58.5363 	EXP 	unnamed Polygon: autoDraw = True
58.5478 	EXP 	unnamed Polygon: autoDraw = True
58.5529 	EXP 	unnamed Polygon: autoDraw = True
58.5633 	EXP 	unnamed Polygon: autoDraw = True
58.5681 	EXP 	unnamed Polygon: autoDraw = True
58.5811 	EXP 	unnamed Polygon: autoDraw = True
58.5863 	EXP 	unnamed Polygon: autoDraw = True
58.5978 	EXP 	unnamed Polygon: autoDraw = True
58.6033 	EXP 	unnamed Polygon: autoDraw = True
58.6144 	EXP 	unnamed Polygon: autoDraw = True
58.6199 	EXP 	unnamed Polygon: autoDraw = True
58.6310 	EXP 	unnamed Polygon: autoDraw = True
58.6363 	EXP 	unnamed Polygon: autoDraw = True
58.6476 	EXP 	unnamed Polygon: autoDraw = True
58.6527 	EXP 	unnamed Polygon: autoDraw = True
58.6644 	EXP 	unnamed Polygon: autoDraw = True
58.6695 	EXP 	unnamed Polygon: autoDraw = True
58.6811 	EXP 	unnamed Polygon: autoDraw = True
58.6861 	EXP 	unnamed Polygon: autoDraw = True
58.6978 	EXP 	unnamed Polygon: autoDraw = True
58.7034 	EXP 	unnamed Polygon: autoDraw = True
58.7145 	EXP 	unnamed Polygon: autoDraw = True
58.7208 	EXP 	unnamed Polygon: autoDraw = True
58.7246 	DATA 	Keypress: 6
58.7296 	EXP 	unnamed Polygon: autoDraw = True
58.7339 	EXP 	unnamed Polygon: autoDraw = True
58.7477 	EXP 	unnamed Polygon: autoDraw = True
58.7518 	EXP 	unnamed Polygon: autoDraw = True
58.7633 	EXP 	unnamed Polygon: autoDraw = True
58.7679 	EXP 	unnamed Polygon: autoDraw = True
58.7800 	EXP 	unnamed Polygon: autoDraw = True
58.7845 	EXP 	unnamed Polygon: autoDraw = True
58.7979 	EXP 	unnamed Polygon: autoDraw = True
58.8025 	EXP 	unnamed Polygon: autoDraw = True
58.8144 	EXP 	unnamed Polygon: autoDraw = True
58.8207 	EXP 	unnamed Polygon: autoDraw = True
58.8308 	EXP 	unnamed Polygon: autoDraw = True
58.8353 	EXP 	unnamed Polygon: autoDraw = True
58.8466 	EXP 	unnamed Polygon: autoDraw = True
58.8510 	EXP 	unnamed Polygon: autoDraw = True
58.8645 	EXP 	unnamed Polygon: autoDraw = True
58.8701 	EXP 	unnamed Polygon: autoDraw = True
58.8810 	EXP 	unnamed Polygon: autoDraw = True
58.8864 	EXP 	unnamed Polygon: autoDraw = True
58.8976 	EXP 	unnamed Polygon: autoDraw = True
58.9027 	EXP 	unnamed Polygon: autoDraw = True
58.9145 	EXP 	unnamed Polygon: autoDraw = True
58.9195 	EXP 	unnamed Polygon: autoDraw = True
58.9310 	EXP 	unnamed Polygon: autoDraw = True
58.9360 	EXP 	unnamed Polygon: autoDraw = True
58.9478 	EXP 	unnamed Polygon: autoDraw = True
58.9528 	EXP 	unnamed Polygon: autoDraw = True
58.9643 	EXP 	unnamed Polygon: autoDraw = True
58.9693 	EXP 	unnamed Polygon: autoDraw = True
58.9797 	EXP 	unnamed Polygon: autoDraw = False
64.7479 	EXP 	unnamed Polygon: autoDraw = True
64.7479 	EXP 	unnamed Polygon: autoDraw = True
64.7529 	EXP 	unnamed Polygon: autoDraw = True
64.7634 	EXP 	unnamed Polygon: autoDraw = True
64.7677 	EXP 	unnamed Polygon: autoDraw = True
64.7812 	EXP 	unnamed Polygon: autoDraw = True
64.7865 	EXP 	unnamed Polygon: autoDraw = True
64.7979 	EXP 	unnamed Polygon: autoDraw = True
64.8030 	EXP 	unnamed Polygon: autoDraw = True
64.8145 	EXP 	unnamed Polygon: autoDraw = True
64.8194 	EXP 	unnamed Polygon: autoDraw = True
64.8303 	EXP 	unnamed Polygon: autoDraw = True
64.8346 	EXP 	unnamed Polygon: autoDraw = True
64.8480 	EXP 	unnamed Polygon: autoDraw = True
64.8531 	EXP 	unnamed Polygon: autoDraw = True
64.8644 	EXP 	unnamed Polygon: autoDraw = True
64.8695 	EXP 	unnamed Polygon: autoDraw = True
64.8811 	EXP 	unnamed Polygon: autoDraw = True
64.8862 	EXP 	unnamed Polygon: autoDraw = True
64.8966 	EXP 	unnamed Polygon: autoDraw = True
64.9010 	EXP 	unnamed Polygon: autoDraw = True
64.9143 	EXP 	unnamed Polygon: autoDraw = True
64.9188 	EXP 	unnamed Polygon: autoDraw = True
64.9311 	EXP 	unnamed Polygon: autoDraw = True
64.9358 	EXP 	unnamed Polygon: autoDraw = True
64.9476 	EXP 	unnamed Polygon: autoDraw = True
64.9520 	EXP 	unnamed Polygon: autoDraw = True
64.9644 	EXP 	unnamed Polygon: autoDraw = True
64.9689 	EXP 	unnamed Polygon: autoDraw = True
64.9812 	EXP 	unnamed Polygon: autoDraw = True
64.9866 	EXP 	unnamed Polygon: autoDraw = True
64.9979 	EXP 	unnamed Polygon: autoDraw = True
65.0030 	EXP 	unnamed Polygon: autoDraw = True
65.0143 	EXP 	unnamed Polygon: autoDraw = True
65.0186 	EXP 	unnamed Polygon: autoDraw = True
65.0214 	DATA 	Keypress: 6
65.0301 	EXP 	unnamed Polygon: autoDraw = True
65.0344 	EXP 	unnamed Polygon: autoDraw = True
65.0465 	EXP 	unnamed Polygon: autoDraw = True
65.0508 	EXP 	unnamed Polygon: autoDraw = True
65.0644 	EXP 	unnamed Polygon: autoDraw = True
65.0691 	EXP 	unnamed Polygon: autoDraw = True
65.0811 	EXP 	unnamed Polygon: autoDraw = True
65.0866 	EXP 	unnamed Polygon: autoDraw = True
65.0979 	EXP 	unnamed Polygon: autoDraw = True
65.1040 	EXP 	unnamed Polygon: autoDraw = True
65.1144 	EXP 	unnamed Polygon: autoDraw = True
65.1195 	EXP 	unnamed Polygon: autoDraw = True
65.1311 	EXP 	unnamed Polygon: autoDraw = True
65.1357 	EXP 	unnamed Polygon: autoDraw = True
65.1479 	EXP 	unnamed Polygon: autoDraw = True
65.1534 	EXP 	unnamed Polygon: autoDraw = True
65.1644 	EXP 	unnamed Polygon: autoDraw = True
65.1698 	EXP 	unnamed Polygon: autoDraw = True
65.1812 	EXP 	unnamed Polygon: autoDraw = True
65.1864 	EXP 	unnamed Polygon: autoDraw = True
65.1977 	EXP 	unnamed Polygon: autoDraw = True
65.2027 	EXP 	unnamed Polygon: autoDraw = True
65.2143 	EXP 	unnamed Polygon: autoDraw = True
65.2191 	EXP 	unnamed Polygon: autoDraw = True
65.2310 	EXP 	unnamed Polygon: autoDraw = True
65.2364 	EXP 	unnamed Polygon: autoDraw = True
65.2467 	EXP 	unnamed Polygon: autoDraw = True
65.2548 	EXP 	unnamed Polygon: autoDraw = False
70.9871 	EXP 	unnamed Polygon: autoDraw = True
70.9871 	EXP 	unnamed Polygon: autoDraw = True
70.9977 	EXP 	unnamed Polygon: autoDraw = True
71.0022 	EXP 	unnamed Polygon: autoDraw = True
71.0143 	EXP 	unnamed Polygon: autoDraw = True
71.0187 	EXP 	unnamed Polygon: autoDraw = True
71.0311 	EXP 	unnamed Polygon: autoDraw = True
71.0358 	EXP 	unnamed Polygon: autoDraw = True
71.0477 	EXP 	unnamed Polygon: autoDraw = True
71.0522 	EXP 	unnamed Polygon: autoDraw = True
71.0634 	EXP 	unnamed Polygon: autoDraw = True
71.0679 	EXP 	unnamed Polygon: autoDraw = True
71.0812 	EXP 	unnamed Polygon: autoDraw = True
71.0856 	EXP 	unnamed Polygon: autoDraw = True
71.0978 	EXP 	unnamed Polygon: autoDraw = True
71.1022 	EXP 	unnamed Polygon: autoDraw = True
71.1146 	EXP 	unnamed Polygon: autoDraw = True
71.1196 	EXP 	unnamed Polygon: autoDraw = True
71.1311 	EXP 	unnamed Polygon: autoDraw = True
71.1360 	EXP 	unnamed Polygon: autoDraw = True
71.1478 	EXP 	unnamed Polygon: autoDraw = True
71.1529 	EXP 	unnamed Polygon: autoDraw = True
71.1645 	EXP 	unnamed Polygon: autoDraw = True
71.1695 	EXP 	unnamed Polygon: autoDraw = True
71.1810 	EXP 	unnamed Polygon: autoDraw = True
71.1856 	EXP 	unnamed Polygon: autoDraw = True
71.1978 	EXP 	unnamed Polygon: autoDraw = True
71.2021 	EXP 	unnamed Polygon: autoDraw = True
71.2145 	EXP 	unnamed Polygon: autoDraw = True
71.2196 	EXP 	unnamed Polygon: autoDraw = True
71.2309 	EXP 	unnamed Polygon: autoDraw = True
71.2354 	DATA 	Keypress: 6
71.2396 	EXP 	unnamed Polygon: autoDraw = True
71.2475 	EXP 	unnamed Polygon: autoDraw = True
71.2515 	EXP 	unnamed Polygon: autoDraw = True
71.2645 	EXP 	unnamed Polygon: autoDraw = True
71.2690 	EXP 	unnamed Polygon: autoDraw = True
71.2804 	EXP 	unnamed Polygon: autoDraw = True
71.2846 	EXP 	unnamed Polygon: autoDraw = True
71.2966 	EXP 	unnamed Polygon: autoDraw = True
71.3010 	EXP 	unnamed Polygon: autoDraw = True
71.3146 	EXP 	unnamed Polygon: autoDraw = True
71.3200 	EXP 	unnamed Polygon: autoDraw = True
71.3312 	EXP 	unnamed Polygon: autoDraw = True
71.3366 	EXP 	unnamed Polygon: autoDraw = True
71.3479 	EXP 	unnamed Polygon: autoDraw = True
71.3529 	EXP 	unnamed Polygon: autoDraw = True
71.3644 	EXP 	unnamed Polygon: autoDraw = True
71.3696 	EXP 	unnamed Polygon: autoDraw = True
71.3812 	EXP 	unnamed Polygon: autoDraw = True
71.3863 	EXP 	unnamed Polygon: autoDraw = True
71.3981 	EXP 	unnamed Polygon: autoDraw = True
71.4038 	EXP 	unnamed Polygon: autoDraw = True
71.4145 	EXP 	unnamed Polygon: autoDraw = True
71.4201 	EXP 	unnamed Polygon: autoDraw = True
71.4311 	EXP 	unnamed Polygon: autoDraw = True
71.4356 	EXP 	unnamed Polygon: autoDraw = True
71.4480 	EXP 	unnamed Polygon: autoDraw = True
71.4532 	EXP 	unnamed Polygon: autoDraw = True
71.4644 	EXP 	unnamed Polygon: autoDraw = True
71.4691 	EXP 	unnamed Polygon: autoDraw = True
71.4812 	EXP 	unnamed Polygon: autoDraw = True
71.4857 	EXP 	unnamed Polygon: autoDraw = True
71.4965 	EXP 	unnamed Polygon: autoDraw = False
77.2535 	EXP 	unnamed Polygon: autoDraw = True
77.2535 	EXP 	unnamed Polygon: autoDraw = True
77.2646 	EXP 	unnamed Polygon: autoDraw = True
77.2698 	EXP 	unnamed Polygon: autoDraw = True
77.2810 	EXP 	unnamed Polygon: autoDraw = True
77.2863 	EXP 	unnamed Polygon: autoDraw = True
77.2978 	EXP 	unnamed Polygon: autoDraw = True
77.3028 	EXP 	unnamed Polygon: autoDraw = True
77.3143 	EXP 	unnamed Polygon: autoDraw = True
77.3195 	EXP 	unnamed Polygon: autoDraw = True
77.3312 	EXP 	unnamed Polygon: autoDraw = True
77.3360 	EXP 	unnamed Polygon: autoDraw = True
77.3478 	EXP 	unnamed Polygon: autoDraw = True
77.3527 	EXP 	unnamed Polygon: autoDraw = True
77.3635 	EXP 	unnamed Polygon: autoDraw = True
77.3679 	EXP 	unnamed Polygon: autoDraw = True
77.3800 	EXP 	unnamed Polygon: autoDraw = True
77.3852 	EXP 	unnamed Polygon: autoDraw = True
77.3978 	EXP 	unnamed Polygon: autoDraw = True
77.4036 	EXP 	unnamed Polygon: autoDraw = True
77.4144 	EXP 	unnamed Polygon: autoDraw = True
77.4194 	EXP 	unnamed Polygon: autoDraw = True
77.4301 	EXP 	unnamed Polygon: autoDraw = True
77.4351 	EXP 	unnamed Polygon: autoDraw = True
77.4480 	EXP 	unnamed Polygon: autoDraw = True
77.4528 	EXP 	unnamed Polygon: autoDraw = True
77.4646 	EXP 	unnamed Polygon: autoDraw = True
77.4698 	EXP 	unnamed Polygon: autoDraw = True
77.4813 	EXP 	unnamed Polygon: autoDraw = True
77.4862 	EXP 	unnamed Polygon: autoDraw = True
77.4968 	EXP 	unnamed Polygon: autoDraw = True
77.5017 	EXP 	unnamed Polygon: autoDraw = True
77.5146 	EXP 	unnamed Polygon: autoDraw = True
77.5196 	EXP 	unnamed Polygon: autoDraw = True
77.5312 	EXP 	unnamed Polygon: autoDraw = True
77.5359 	DATA 	Keypress: 6
77.5401 	EXP 	unnamed Polygon: autoDraw = True
77.5464 	EXP 	unnamed Polygon: autoDraw = True
77.5506 	EXP 	unnamed Polygon: autoDraw = True
77.5644 	EXP 	unnamed Polygon: autoDraw = True
77.5688 	EXP 	unnamed Polygon: autoDraw = True
77.5814 	EXP 	unnamed Polygon: autoDraw = True
77.6604 	EXP 	unnamed Polygon: autoDraw = True
77.6685 	EXP 	unnamed Polygon: autoDraw = True
77.6811 	EXP 	unnamed Polygon: autoDraw = True
77.6863 	EXP 	unnamed Polygon: autoDraw = True
77.6970 	EXP 	unnamed Polygon: autoDraw = True
77.7024 	EXP 	unnamed Polygon: autoDraw = True
77.7135 	EXP 	unnamed Polygon: autoDraw = True
77.7184 	EXP 	unnamed Polygon: autoDraw = True
77.7312 	EXP 	unnamed Polygon: autoDraw = True
77.7364 	EXP 	unnamed Polygon: autoDraw = True
77.7481 	EXP 	unnamed Polygon: autoDraw = True
77.7533 	EXP 	unnamed Polygon: autoDraw = True
77.7630 	EXP 	unnamed Polygon: autoDraw = False
87.4978 	EXP 	unnamed Polygon: autoDraw = True
87.4978 	EXP 	unnamed Polygon: autoDraw = True
87.5025 	EXP 	unnamed Polygon: autoDraw = True
87.5149 	EXP 	unnamed Polygon: autoDraw = True
87.5204 	EXP 	unnamed Polygon: autoDraw = True
87.5314 	EXP 	unnamed Polygon: autoDraw = True
87.5365 	EXP 	unnamed Polygon: autoDraw = True
87.5468 	EXP 	unnamed Polygon: autoDraw = True
87.5522 	EXP 	unnamed Polygon: autoDraw = True
87.5648 	EXP 	unnamed Polygon: autoDraw = True
87.5704 	EXP 	unnamed Polygon: autoDraw = True
87.5813 	EXP 	unnamed Polygon: autoDraw = True
87.5868 	EXP 	unnamed Polygon: autoDraw = True
87.5980 	EXP 	unnamed Polygon: autoDraw = True
87.6029 	EXP 	unnamed Polygon: autoDraw = True
87.6147 	EXP 	unnamed Polygon: autoDraw = True
87.6205 	EXP 	unnamed Polygon: autoDraw = True
87.6301 	EXP 	unnamed Polygon: autoDraw = True
87.6356 	EXP 	unnamed Polygon: autoDraw = True
87.6480 	EXP 	unnamed Polygon: autoDraw = True
87.6533 	EXP 	unnamed Polygon: autoDraw = True
87.6648 	EXP 	unnamed Polygon: autoDraw = True
87.6698 	EXP 	unnamed Polygon: autoDraw = True
87.6812 	EXP 	unnamed Polygon: autoDraw = True
87.6863 	EXP 	unnamed Polygon: autoDraw = True
87.6968 	EXP 	unnamed Polygon: autoDraw = True
87.7013 	EXP 	unnamed Polygon: autoDraw = True
87.7148 	EXP 	unnamed Polygon: autoDraw = True
87.7203 	EXP 	unnamed Polygon: autoDraw = True
87.7313 	EXP 	unnamed Polygon: autoDraw = True
87.7365 	EXP 	unnamed Polygon: autoDraw = True
87.7481 	EXP 	unnamed Polygon: autoDraw = True
87.7528 	DATA 	Keypress: 6
87.7571 	EXP 	unnamed Polygon: autoDraw = True
87.7629 	EXP 	unnamed Polygon: autoDraw = True
87.7669 	EXP 	unnamed Polygon: autoDraw = True
87.7812 	EXP 	unnamed Polygon: autoDraw = True
87.7857 	EXP 	unnamed Polygon: autoDraw = True
87.7977 	EXP 	unnamed Polygon: autoDraw = True
87.8024 	EXP 	unnamed Polygon: autoDraw = True
87.8145 	EXP 	unnamed Polygon: autoDraw = True
87.8200 	EXP 	unnamed Polygon: autoDraw = True
87.8313 	EXP 	unnamed Polygon: autoDraw = True
87.8361 	EXP 	unnamed Polygon: autoDraw = True
87.8479 	EXP 	unnamed Polygon: autoDraw = True
87.8528 	EXP 	unnamed Polygon: autoDraw = True
87.8645 	EXP 	unnamed Polygon: autoDraw = True
87.8691 	EXP 	unnamed Polygon: autoDraw = True
87.8812 	EXP 	unnamed Polygon: autoDraw = True
87.8862 	EXP 	unnamed Polygon: autoDraw = True
87.8968 	EXP 	unnamed Polygon: autoDraw = True
87.9017 	EXP 	unnamed Polygon: autoDraw = True
87.9134 	EXP 	unnamed Polygon: autoDraw = True
87.9188 	EXP 	unnamed Polygon: autoDraw = True
87.9312 	EXP 	unnamed Polygon: autoDraw = True
87.9358 	EXP 	unnamed Polygon: autoDraw = True
87.9480 	EXP 	unnamed Polygon: autoDraw = True
87.9532 	EXP 	unnamed Polygon: autoDraw = True
87.9645 	EXP 	unnamed Polygon: autoDraw = True
87.9695 	EXP 	unnamed Polygon: autoDraw = True
87.9802 	EXP 	unnamed Polygon: autoDraw = True
87.9854 	EXP 	unnamed Polygon: autoDraw = True
87.9977 	EXP 	unnamed Polygon: autoDraw = False
95.7645 	EXP 	unnamed Polygon: autoDraw = True
95.7645 	EXP 	unnamed Polygon: autoDraw = True
95.7691 	EXP 	unnamed Polygon: autoDraw = True
95.7814 	EXP 	unnamed Polygon: autoDraw = True
95.7869 	EXP 	unnamed Polygon: autoDraw = True
95.7981 	EXP 	unnamed Polygon: autoDraw = True
95.8033 	EXP 	unnamed Polygon: autoDraw = True
95.8146 	EXP 	unnamed Polygon: autoDraw = True
95.8196 	EXP 	unnamed Polygon: autoDraw = True
95.8311 	EXP 	unnamed Polygon: autoDraw = True
95.8361 	EXP 	unnamed Polygon: autoDraw = True
95.8479 	EXP 	unnamed Polygon: autoDraw = True
95.8531 	EXP 	unnamed Polygon: autoDraw = True
95.8646 	EXP 	unnamed Polygon: autoDraw = True
95.8695 	EXP 	unnamed Polygon: autoDraw = True
95.8802 	EXP 	unnamed Polygon: autoDraw = True
95.8853 	EXP 	unnamed Polygon: autoDraw = True
95.8980 	EXP 	unnamed Polygon: autoDraw = True
95.9030 	EXP 	unnamed Polygon: autoDraw = True
95.9146 	EXP 	unnamed Polygon: autoDraw = True
95.9198 	EXP 	unnamed Polygon: autoDraw = True
95.9312 	EXP 	unnamed Polygon: autoDraw = True
95.9362 	EXP 	unnamed Polygon: autoDraw = True
95.9468 	EXP 	unnamed Polygon: autoDraw = True
95.9511 	EXP 	unnamed Polygon: autoDraw = True
95.9635 	EXP 	unnamed Polygon: autoDraw = True
95.9691 	EXP 	unnamed Polygon: autoDraw = True
95.9811 	EXP 	unnamed Polygon: autoDraw = True
95.9855 	EXP 	unnamed Polygon: autoDraw = True
95.9981 	EXP 	unnamed Polygon: autoDraw = True
96.0033 	EXP 	unnamed Polygon: autoDraw = True
96.0147 	EXP 	unnamed Polygon: autoDraw = True
96.0198 	EXP 	unnamed Polygon: autoDraw = True
96.0313 	EXP 	unnamed Polygon: autoDraw = True
96.0350 	DATA 	Keypress: 6
96.0395 	EXP 	unnamed Polygon: autoDraw = True
96.0478 	EXP 	unnamed Polygon: autoDraw = True
96.0518 	EXP 	unnamed Polygon: autoDraw = True
96.0646 	EXP 	unnamed Polygon: autoDraw = True
96.0690 	EXP 	unnamed Polygon: autoDraw = True
96.0813 	EXP 	unnamed Polygon: autoDraw = True
96.0860 	EXP 	unnamed Polygon: autoDraw = True
96.0979 	EXP 	unnamed Polygon: autoDraw = True
96.1042 	EXP 	unnamed Polygon: autoDraw = True
96.1146 	EXP 	unnamed Polygon: autoDraw = True
96.1196 	EXP 	unnamed Polygon: autoDraw = True
96.1315 	EXP 	unnamed Polygon: autoDraw = True
96.1371 	EXP 	unnamed Polygon: autoDraw = True
96.1481 	EXP 	unnamed Polygon: autoDraw = True
96.1537 	EXP 	unnamed Polygon: autoDraw = True
96.1646 	EXP 	unnamed Polygon: autoDraw = True
96.1691 	EXP 	unnamed Polygon: autoDraw = True
96.1814 	EXP 	unnamed Polygon: autoDraw = True
96.1866 	EXP 	unnamed Polygon: autoDraw = True
96.1979 	EXP 	unnamed Polygon: autoDraw = True
96.2031 	EXP 	unnamed Polygon: autoDraw = True
96.2144 	EXP 	unnamed Polygon: autoDraw = True
96.2189 	EXP 	unnamed Polygon: autoDraw = True
96.2303 	EXP 	unnamed Polygon: autoDraw = True
96.2349 	EXP 	unnamed Polygon: autoDraw = True
96.2468 	EXP 	unnamed Polygon: autoDraw = False
103.9873 	EXP 	unnamed Polygon: autoDraw = True
103.9873 	EXP 	unnamed Polygon: autoDraw = True
103.9980 	EXP 	unnamed Polygon: autoDraw = True
104.0029 	EXP 	unnamed Polygon: autoDraw = True
104.0149 	EXP 	unnamed Polygon: autoDraw = True
104.0204 	EXP 	unnamed Polygon: autoDraw = True
104.0315 	EXP 	unnamed Polygon: autoDraw = True
104.0370 	EXP 	unnamed Polygon: autoDraw = True
104.0481 	EXP 	unnamed Polygon: autoDraw = True
104.0534 	EXP 	unnamed Polygon: autoDraw = True
104.0646 	EXP 	unnamed Polygon: autoDraw = True
104.0695 	EXP 	unnamed Polygon: autoDraw = True
104.0813 	EXP 	unnamed Polygon: autoDraw = True
104.0866 	EXP 	unnamed Polygon: autoDraw = True
104.0980 	EXP 	unnamed Polygon: autoDraw = True
104.1030 	EXP 	unnamed Polygon: autoDraw = True
104.1147 	EXP 	unnamed Polygon: autoDraw = True
104.1191 	EXP 	unnamed Polygon: autoDraw = True
104.1315 	EXP 	unnamed Polygon: autoDraw = True
104.1368 	EXP 	unnamed Polygon: autoDraw = True
104.1482 	EXP 	unnamed Polygon: autoDraw = True
104.1533 	EXP 	unnamed Polygon: autoDraw = True
104.1647 	EXP 	unnamed Polygon: autoDraw = True
104.1699 	EXP 	unnamed Polygon: autoDraw = True
104.1812 	EXP 	unnamed Polygon: autoDraw = True
104.1863 	EXP 	unnamed Polygon: autoDraw = True
104.1979 	EXP 	unnamed Polygon: autoDraw = True
104.2030 	EXP 	unnamed Polygon: autoDraw = True
104.2145 	EXP 	unnamed Polygon: autoDraw = True
104.2202 	EXP 	unnamed Polygon: autoDraw = True
104.2313 	EXP 	unnamed Polygon: autoDraw = True
104.2357 	EXP 	unnamed Polygon: autoDraw = True
104.2479 	EXP 	unnamed Polygon: autoDraw = True
104.2532 	EXP 	unnamed Polygon: autoDraw = True
104.2647 	EXP 	unnamed Polygon: autoDraw = True
104.2685 	DATA 	Keypress: 6
104.2728 	EXP 	unnamed Polygon: autoDraw = True
104.2811 	EXP 	unnamed Polygon: autoDraw = True
104.2856 	EXP 	unnamed Polygon: autoDraw = True
104.2970 	EXP 	unnamed Polygon: autoDraw = True
104.3014 	EXP 	unnamed Polygon: autoDraw = True
104.3136 	EXP 	unnamed Polygon: autoDraw = True
104.3180 	EXP 	unnamed Polygon: autoDraw = True
104.3316 	EXP 	unnamed Polygon: autoDraw = True
104.3377 	EXP 	unnamed Polygon: autoDraw = True
104.3480 	EXP 	unnamed Polygon: autoDraw = True
104.3531 	EXP 	unnamed Polygon: autoDraw = True
104.3647 	EXP 	unnamed Polygon: autoDraw = True
104.3700 	EXP 	unnamed Polygon: autoDraw = True
104.3812 	EXP 	unnamed Polygon: autoDraw = True
104.3857 	EXP 	unnamed Polygon: autoDraw = True
104.3979 	EXP 	unnamed Polygon: autoDraw = True
104.4025 	EXP 	unnamed Polygon: autoDraw = True
104.4148 	EXP 	unnamed Polygon: autoDraw = True
104.4202 	EXP 	unnamed Polygon: autoDraw = True
104.4314 	EXP 	unnamed Polygon: autoDraw = True
104.4364 	EXP 	unnamed Polygon: autoDraw = True
104.4480 	EXP 	unnamed Polygon: autoDraw = True
104.4532 	EXP 	unnamed Polygon: autoDraw = True
104.4647 	EXP 	unnamed Polygon: autoDraw = True
104.4737 	EXP 	unnamed Polygon: autoDraw = False
110.2044 	EXP 	unnamed Polygon: autoDraw = True
110.2044 	EXP 	unnamed Polygon: autoDraw = True
110.2137 	EXP 	unnamed Polygon: autoDraw = True
110.2186 	EXP 	unnamed Polygon: autoDraw = True
110.2316 	EXP 	unnamed Polygon: autoDraw = True
110.2371 	EXP 	unnamed Polygon: autoDraw = True
110.2482 	EXP 	unnamed Polygon: autoDraw = True
110.2533 	EXP 	unnamed Polygon: autoDraw = True
110.2648 	EXP 	unnamed Polygon: autoDraw = True
110.2699 	EXP 	unnamed Polygon: autoDraw = True
110.2812 	EXP 	unnamed Polygon: autoDraw = True
110.2864 	EXP 	unnamed Polygon: autoDraw = True
110.2969 	EXP 	unnamed Polygon: autoDraw = True
110.3018 	EXP 	unnamed Polygon: autoDraw = True
110.3146 	EXP 	unnamed Polygon: autoDraw = True
110.3198 	EXP 	unnamed Polygon: autoDraw = True
110.3314 	EXP 	unnamed Polygon: autoDraw = True
110.3363 	EXP 	unnamed Polygon: autoDraw = True
110.3470 	EXP 	unnamed Polygon: autoDraw = True
110.3515 	EXP 	unnamed Polygon: autoDraw = True
110.3636 	EXP 	unnamed Polygon: autoDraw = True
110.3683 	EXP 	unnamed Polygon: autoDraw = True
110.3814 	EXP 	unnamed Polygon: autoDraw = True
110.3867 	EXP 	unnamed Polygon: autoDraw = True
110.3981 	EXP 	unnamed Polygon: autoDraw = True
110.4032 	EXP 	unnamed Polygon: autoDraw = True
110.4137 	EXP 	unnamed Polygon: autoDraw = True
110.4185 	EXP 	unnamed Polygon: autoDraw = True
110.4313 	EXP 	unnamed Polygon: autoDraw = True
110.4365 	EXP 	unnamed Polygon: autoDraw = True
110.4480 	EXP 	unnamed Polygon: autoDraw = True
110.4529 	EXP 	unnamed Polygon: autoDraw = True
110.4637 	EXP 	unnamed Polygon: autoDraw = True
110.4693 	EXP 	unnamed Polygon: autoDraw = True
110.4815 	EXP 	unnamed Polygon: autoDraw = True
110.4866 	EXP 	unnamed Polygon: autoDraw = True
110.4981 	EXP 	unnamed Polygon: autoDraw = True
110.5027 	DATA 	Keypress: 6
110.5070 	EXP 	unnamed Polygon: autoDraw = True
110.5131 	EXP 	unnamed Polygon: autoDraw = True
110.5172 	EXP 	unnamed Polygon: autoDraw = True
110.5314 	EXP 	unnamed Polygon: autoDraw = True
110.5358 	EXP 	unnamed Polygon: autoDraw = True
110.5469 	EXP 	unnamed Polygon: autoDraw = True
110.5518 	EXP 	unnamed Polygon: autoDraw = True
110.5639 	EXP 	unnamed Polygon: autoDraw = True
110.5715 	EXP 	unnamed Polygon: autoDraw = True
110.5801 	EXP 	unnamed Polygon: autoDraw = True
110.5843 	EXP 	unnamed Polygon: autoDraw = True
110.5970 	EXP 	unnamed Polygon: autoDraw = True
110.6022 	EXP 	unnamed Polygon: autoDraw = True
110.6145 	EXP 	unnamed Polygon: autoDraw = True
110.6188 	EXP 	unnamed Polygon: autoDraw = True
110.6314 	EXP 	unnamed Polygon: autoDraw = True
110.6360 	EXP 	unnamed Polygon: autoDraw = True
110.6470 	EXP 	unnamed Polygon: autoDraw = True
110.6513 	EXP 	unnamed Polygon: autoDraw = True
110.6649 	EXP 	unnamed Polygon: autoDraw = True
110.6701 	EXP 	unnamed Polygon: autoDraw = True
110.6813 	EXP 	unnamed Polygon: autoDraw = True
110.6903 	EXP 	unnamed Polygon: autoDraw = False
120.4041 	EXP 	unnamed Polygon: autoDraw = True
120.4041 	EXP 	unnamed Polygon: autoDraw = True
120.4145 	EXP 	unnamed Polygon: autoDraw = True
120.4185 	EXP 	unnamed Polygon: autoDraw = True
120.4315 	EXP 	unnamed Polygon: autoDraw = True
120.4361 	EXP 	unnamed Polygon: autoDraw = True
120.4481 	EXP 	unnamed Polygon: autoDraw = True
120.4525 	EXP 	unnamed Polygon: autoDraw = True
120.4650 	EXP 	unnamed Polygon: autoDraw = True
120.4703 	EXP 	unnamed Polygon: autoDraw = True
120.4816 	EXP 	unnamed Polygon: autoDraw = True
120.4867 	EXP 	unnamed Polygon: autoDraw = True
120.4983 	EXP 	unnamed Polygon: autoDraw = True
120.5033 	EXP 	unnamed Polygon: autoDraw = True
120.5146 	EXP 	unnamed Polygon: autoDraw = True
120.5202 	EXP 	unnamed Polygon: autoDraw = True
120.5314 	EXP 	unnamed Polygon: autoDraw = True
120.5354 	EXP 	unnamed Polygon: autoDraw = True
120.5482 	EXP 	unnamed Polygon: autoDraw = True
120.5527 	EXP 	unnamed Polygon: autoDraw = True
120.5637 	EXP 	unnamed Polygon: autoDraw = True
120.5681 	EXP 	unnamed Polygon: autoDraw = True
120.5805 	EXP 	unnamed Polygon: autoDraw = True
120.5853 	EXP 	unnamed Polygon: autoDraw = True
120.5971 	EXP 	unnamed Polygon: autoDraw = True
120.6015 	EXP 	unnamed Polygon: autoDraw = True
120.6138 	EXP 	unnamed Polygon: autoDraw = True
120.6204 	EXP 	unnamed Polygon: autoDraw = True
120.6314 	EXP 	unnamed Polygon: autoDraw = True
120.6353 	EXP 	unnamed Polygon: autoDraw = True
120.6481 	EXP 	unnamed Polygon: autoDraw = True
120.6526 	EXP 	unnamed Polygon: autoDraw = True
120.6646 	EXP 	unnamed Polygon: autoDraw = True
120.6681 	DATA 	Keypress: 6
120.6723 	EXP 	unnamed Polygon: autoDraw = True
120.6813 	EXP 	unnamed Polygon: autoDraw = True
120.6857 	EXP 	unnamed Polygon: autoDraw = True
120.6980 	EXP 	unnamed Polygon: autoDraw = True
120.7025 	EXP 	unnamed Polygon: autoDraw = True
120.7139 	EXP 	unnamed Polygon: autoDraw = True
120.7183 	EXP 	unnamed Polygon: autoDraw = True
120.7307 	EXP 	unnamed Polygon: autoDraw = True
120.7360 	EXP 	unnamed Polygon: autoDraw = True
120.7482 	EXP 	unnamed Polygon: autoDraw = True
120.7534 	EXP 	unnamed Polygon: autoDraw = True
120.7649 	EXP 	unnamed Polygon: autoDraw = True
120.7708 	EXP 	unnamed Polygon: autoDraw = True
120.7816 	EXP 	unnamed Polygon: autoDraw = True
120.7859 	EXP 	unnamed Polygon: autoDraw = True
120.7983 	EXP 	unnamed Polygon: autoDraw = True
120.8039 	EXP 	unnamed Polygon: autoDraw = True
120.8149 	EXP 	unnamed Polygon: autoDraw = True
120.8198 	EXP 	unnamed Polygon: autoDraw = True
120.8315 	EXP 	unnamed Polygon: autoDraw = True
120.8367 	EXP 	unnamed Polygon: autoDraw = True
120.8482 	EXP 	unnamed Polygon: autoDraw = True
120.8531 	EXP 	unnamed Polygon: autoDraw = True
120.8636 	EXP 	unnamed Polygon: autoDraw = True
120.8687 	EXP 	unnamed Polygon: autoDraw = True
120.8805 	EXP 	unnamed Polygon: autoDraw = True
120.8891 	EXP 	unnamed Polygon: autoDraw = False
128.6371 	EXP 	unnamed Polygon: autoDraw = True
128.6371 	EXP 	unnamed Polygon: autoDraw = True
128.6482 	EXP 	unnamed Polygon: autoDraw = True
128.6528 	EXP 	unnamed Polygon: autoDraw = True
128.6638 	EXP 	unnamed Polygon: autoDraw = True
128.6681 	EXP 	unnamed Polygon: autoDraw = True
128.6803 	EXP 	unnamed Polygon: autoDraw = True
128.6848 	EXP 	unnamed Polygon: autoDraw = True
128.6983 	EXP 	unnamed Polygon: autoDraw = True
128.7035 	EXP 	unnamed Polygon: autoDraw = True
128.7148 	EXP 	unnamed Polygon: autoDraw = True
128.7199 	EXP 	unnamed Polygon: autoDraw = True
128.7306 	EXP 	unnamed Polygon: autoDraw = True
128.7349 	EXP 	unnamed Polygon: autoDraw = True
128.7483 	EXP 	unnamed Polygon: autoDraw = True
128.7538 	EXP 	unnamed Polygon: autoDraw = True
128.7650 	EXP 	unnamed Polygon: autoDraw = True
128.7702 	EXP 	unnamed Polygon: autoDraw = True
128.7815 	EXP 	unnamed Polygon: autoDraw = True
128.7865 	EXP 	unnamed Polygon: autoDraw = True
128.7982 	EXP 	unnamed Polygon: autoDraw = True
128.8031 	EXP 	unnamed Polygon: autoDraw = True
128.8138 	EXP 	unnamed Polygon: autoDraw = True
128.8187 	EXP 	unnamed Polygon: autoDraw = True
128.8304 	EXP 	unnamed Polygon: autoDraw = True
128.8355 	EXP 	unnamed Polygon: autoDraw = True
128.8481 	EXP 	unnamed Polygon: autoDraw = True
128.8531 	EXP 	unnamed Polygon: autoDraw = True
128.8651 	EXP 	unnamed Polygon: autoDraw = True
128.8706 	EXP 	unnamed Polygon: autoDraw = True
128.8815 	EXP 	unnamed Polygon: autoDraw = True
128.8850 	DATA 	Keypress: 6
128.8891 	EXP 	unnamed Polygon: autoDraw = True
128.8970 	EXP 	unnamed Polygon: autoDraw = True
128.9010 	EXP 	unnamed Polygon: autoDraw = True
128.9147 	EXP 	unnamed Polygon: autoDraw = True
128.9191 	EXP 	unnamed Polygon: autoDraw = True
128.9315 	EXP 	unnamed Polygon: autoDraw = True
128.9360 	EXP 	unnamed Polygon: autoDraw = True
128.9484 	EXP 	unnamed Polygon: autoDraw = True
128.9535 	EXP 	unnamed Polygon: autoDraw = True
128.9650 	EXP 	unnamed Polygon: autoDraw = True
128.9701 	EXP 	unnamed Polygon: autoDraw = True
128.9815 	EXP 	unnamed Polygon: autoDraw = True
128.9854 	EXP 	unnamed Polygon: autoDraw = True
128.9981 	EXP 	unnamed Polygon: autoDraw = True
129.0026 	EXP 	unnamed Polygon: autoDraw = True
129.0150 	EXP 	unnamed Polygon: autoDraw = True
129.0203 	EXP 	unnamed Polygon: autoDraw = True
129.0317 	EXP 	unnamed Polygon: autoDraw = True
129.0368 	EXP 	unnamed Polygon: autoDraw = True
129.0482 	EXP 	unnamed Polygon: autoDraw = True
129.0533 	EXP 	unnamed Polygon: autoDraw = True
129.0649 	EXP 	unnamed Polygon: autoDraw = True
129.0699 	EXP 	unnamed Polygon: autoDraw = True
129.0815 	EXP 	unnamed Polygon: autoDraw = True
129.0866 	EXP 	unnamed Polygon: autoDraw = True
129.0971 	EXP 	unnamed Polygon: autoDraw = True
129.1018 	EXP 	unnamed Polygon: autoDraw = True
129.1138 	EXP 	unnamed Polygon: autoDraw = True
129.1229 	EXP 	unnamed Polygon: autoDraw = False
136.8884 	EXP 	unnamed Polygon: autoDraw = True
136.8884 	EXP 	unnamed Polygon: autoDraw = True
136.8983 	EXP 	unnamed Polygon: autoDraw = True
136.9032 	EXP 	unnamed Polygon: autoDraw = True
136.9148 	EXP 	unnamed Polygon: autoDraw = True
136.9194 	EXP 	unnamed Polygon: autoDraw = True
136.9316 	EXP 	unnamed Polygon: autoDraw = True
136.9363 	EXP 	unnamed Polygon: autoDraw = True
136.9483 	EXP 	unnamed Polygon: autoDraw = True
136.9533 	EXP 	unnamed Polygon: autoDraw = True
136.9648 	EXP 	unnamed Polygon: autoDraw = True
136.9697 	EXP 	unnamed Polygon: autoDraw = True
136.9817 	EXP 	unnamed Polygon: autoDraw = True
136.9873 	EXP 	unnamed Polygon: autoDraw = True
136.9983 	EXP 	unnamed Polygon: autoDraw = True
137.0038 	EXP 	unnamed Polygon: autoDraw = True
137.0150 	EXP 	unnamed Polygon: autoDraw = True
137.0200 	EXP 	unnamed Polygon: autoDraw = True
137.0315 	EXP 	unnamed Polygon: autoDraw = True
137.0364 	EXP 	unnamed Polygon: autoDraw = True
137.0484 	EXP 	unnamed Polygon: autoDraw = True
137.0533 	EXP 	unnamed Polygon: autoDraw = True
137.0649 	EXP 	unnamed Polygon: autoDraw = True
137.0697 	EXP 	unnamed Polygon: autoDraw = True
137.0816 	EXP 	unnamed Polygon: autoDraw = True
137.0865 	EXP 	unnamed Polygon: autoDraw = True
137.0994 	EXP 	unnamed Polygon: autoDraw = True
137.1230 	EXP 	unnamed Polygon: autoDraw = True
137.1318 	EXP 	unnamed Polygon: autoDraw = True
137.1358 	EXP 	unnamed Polygon: autoDraw = True
137.1479 	EXP 	unnamed Polygon: autoDraw = True
137.1519 	EXP 	unnamed Polygon: autoDraw = True
137.1639 	EXP 	unnamed Polygon: autoDraw = True
137.1678 	EXP 	unnamed Polygon: autoDraw = True
137.1814 	EXP 	unnamed Polygon: autoDraw = True
137.1868 	EXP 	unnamed Polygon: autoDraw = True
137.1981 	EXP 	unnamed Polygon: autoDraw = True
137.2019 	DATA 	Keypress: 6
137.2055 	EXP 	unnamed Polygon: autoDraw = True
137.2132 	EXP 	unnamed Polygon: autoDraw = True
137.2178 	EXP 	unnamed Polygon: autoDraw = True
137.2315 	EXP 	unnamed Polygon: autoDraw = True
137.2367 	EXP 	unnamed Polygon: autoDraw = True
137.2481 	EXP 	unnamed Polygon: autoDraw = True
137.2528 	EXP 	unnamed Polygon: autoDraw = True
137.2649 	EXP 	unnamed Polygon: autoDraw = True
137.2701 	EXP 	unnamed Polygon: autoDraw = True
137.2814 	EXP 	unnamed Polygon: autoDraw = True
137.2861 	EXP 	unnamed Polygon: autoDraw = True
137.2981 	EXP 	unnamed Polygon: autoDraw = True
137.3032 	EXP 	unnamed Polygon: autoDraw = True
137.3147 	EXP 	unnamed Polygon: autoDraw = True
137.3198 	EXP 	unnamed Polygon: autoDraw = True
137.3317 	EXP 	unnamed Polygon: autoDraw = True
137.3371 	EXP 	unnamed Polygon: autoDraw = True
137.3482 	EXP 	unnamed Polygon: autoDraw = True
137.3570 	EXP 	unnamed Polygon: autoDraw = False
143.0647 	EXP 	unnamed Polygon: autoDraw = True
143.0647 	EXP 	unnamed Polygon: autoDraw = True
143.0693 	EXP 	unnamed Polygon: autoDraw = True
143.0805 	EXP 	unnamed Polygon: autoDraw = True
143.0850 	EXP 	unnamed Polygon: autoDraw = True
143.0983 	EXP 	unnamed Polygon: autoDraw = True
143.1034 	EXP 	unnamed Polygon: autoDraw = True
143.1150 	EXP 	unnamed Polygon: autoDraw = True
143.1195 	EXP 	unnamed Polygon: autoDraw = True
143.1315 	EXP 	unnamed Polygon: autoDraw = True
143.1365 	EXP 	unnamed Polygon: autoDraw = True
143.1482 	EXP 	unnamed Polygon: autoDraw = True
143.1531 	EXP 	unnamed Polygon: autoDraw = True
143.1639 	EXP 	unnamed Polygon: autoDraw = True
143.1683 	EXP 	unnamed Polygon: autoDraw = True
143.1817 	EXP 	unnamed Polygon: autoDraw = True
143.1874 	EXP 	unnamed Polygon: autoDraw = True
143.1983 	EXP 	unnamed Polygon: autoDraw = True
143.2036 	EXP 	unnamed Polygon: autoDraw = True
143.2149 	EXP 	unnamed Polygon: autoDraw = True
143.2200 	EXP 	unnamed Polygon: autoDraw = True
143.2317 	EXP 	unnamed Polygon: autoDraw = True
143.2373 	EXP 	unnamed Polygon: autoDraw = True
143.2482 	EXP 	unnamed Polygon: autoDraw = True
143.2537 	EXP 	unnamed Polygon: autoDraw = True
143.2651 	EXP 	unnamed Polygon: autoDraw = True
143.2705 	EXP 	unnamed Polygon: autoDraw = True
143.2817 	EXP 	unnamed Polygon: autoDraw = True
143.2868 	EXP 	unnamed Polygon: autoDraw = True
143.2983 	EXP 	unnamed Polygon: autoDraw = True
143.3034 	EXP 	unnamed Polygon: autoDraw = True
143.3149 	EXP 	unnamed Polygon: autoDraw = True
143.3194 	EXP 	unnamed Polygon: autoDraw = True
143.3316 	EXP 	unnamed Polygon: autoDraw = True
143.3360 	EXP 	unnamed Polygon: autoDraw = True
143.3484 	EXP 	unnamed Polygon: autoDraw = True
143.3535 	EXP 	unnamed Polygon: autoDraw = True
143.3650 	EXP 	unnamed Polygon: autoDraw = True
143.3686 	DATA 	Keypress: 6
143.3730 	EXP 	unnamed Polygon: autoDraw = True
143.3814 	EXP 	unnamed Polygon: autoDraw = True
143.3854 	EXP 	unnamed Polygon: autoDraw = True
143.3973 	EXP 	unnamed Polygon: autoDraw = True
143.4017 	EXP 	unnamed Polygon: autoDraw = True
143.4153 	EXP 	unnamed Polygon: autoDraw = True
143.4207 	EXP 	unnamed Polygon: autoDraw = True
143.4317 	EXP 	unnamed Polygon: autoDraw = True
143.4373 	EXP 	unnamed Polygon: autoDraw = True
143.4482 	EXP 	unnamed Polygon: autoDraw = True
143.4528 	EXP 	unnamed Polygon: autoDraw = True
143.4650 	EXP 	unnamed Polygon: autoDraw = True
143.4699 	EXP 	unnamed Polygon: autoDraw = True
143.4816 	EXP 	unnamed Polygon: autoDraw = True
143.4867 	EXP 	unnamed Polygon: autoDraw = True
143.4983 	EXP 	unnamed Polygon: autoDraw = True
143.5032 	EXP 	unnamed Polygon: autoDraw = True
143.5140 	EXP 	unnamed Polygon: autoDraw = True
143.5222 	EXP 	unnamed Polygon: autoDraw = False
149.2388 	EXP 	unnamed Polygon: autoDraw = True
149.2388 	EXP 	unnamed Polygon: autoDraw = True
149.2480 	EXP 	unnamed Polygon: autoDraw = True
149.2525 	EXP 	unnamed Polygon: autoDraw = True
149.2651 	EXP 	unnamed Polygon: autoDraw = True
149.2695 	EXP 	unnamed Polygon: autoDraw = True
149.2818 	EXP 	unnamed Polygon: autoDraw = True
149.2869 	EXP 	unnamed Polygon: autoDraw = True
149.2986 	EXP 	unnamed Polygon: autoDraw = True
149.3036 	EXP 	unnamed Polygon: autoDraw = True
149.3149 	EXP 	unnamed Polygon: autoDraw = True
149.3204 	EXP 	unnamed Polygon: autoDraw = True
149.3317 	EXP 	unnamed Polygon: autoDraw = True
149.3366 	EXP 	unnamed Polygon: autoDraw = True
149.3485 	EXP 	unnamed Polygon: autoDraw = True
149.3542 	EXP 	unnamed Polygon: autoDraw = True
149.3651 	EXP 	unnamed Polygon: autoDraw = True
149.3703 	EXP 	unnamed Polygon: autoDraw = True
149.3818 	EXP 	unnamed Polygon: autoDraw = True
149.3871 	EXP 	unnamed Polygon: autoDraw = True
149.3984 	EXP 	unnamed Polygon: autoDraw = True
149.4035 	EXP 	unnamed Polygon: autoDraw = True
149.4149 	EXP 	unnamed Polygon: autoDraw = True
149.4199 	EXP 	unnamed Polygon: autoDraw = True
149.4316 	EXP 	unnamed Polygon: autoDraw = True
149.4361 	EXP 	unnamed Polygon: autoDraw = True
149.4473 	EXP 	unnamed Polygon: autoDraw = True
149.4517 	EXP 	unnamed Polygon: autoDraw = True
149.4640 	EXP 	unnamed Polygon: autoDraw = True
149.4683 	EXP 	unnamed Polygon: autoDraw = True
149.4818 	EXP 	unnamed Polygon: autoDraw = True
149.4872 	EXP 	unnamed Polygon: autoDraw = True
149.4985 	EXP 	unnamed Polygon: autoDraw = True
149.5036 	EXP 	unnamed Polygon: autoDraw = True
149.5150 	EXP 	unnamed Polygon: autoDraw = True
149.5201 	EXP 	unnamed Polygon: autoDraw = True
149.5318 	EXP 	unnamed Polygon: autoDraw = True
149.5368 	DATA 	Keypress: 6
149.5412 	EXP 	unnamed Polygon: autoDraw = True
149.5469 	EXP 	unnamed Polygon: autoDraw = True
149.5510 	EXP 	unnamed Polygon: autoDraw = True
149.5649 	EXP 	unnamed Polygon: autoDraw = True
149.5695 	EXP 	unnamed Polygon: autoDraw = True
149.5818 	EXP 	unnamed Polygon: autoDraw = True
149.5869 	EXP 	unnamed Polygon: autoDraw = True
149.5982 	EXP 	unnamed Polygon: autoDraw = True
149.6033 	EXP 	unnamed Polygon: autoDraw = True
149.6150 	EXP 	unnamed Polygon: autoDraw = True
149.6208 	EXP 	unnamed Polygon: autoDraw = True
149.6316 	EXP 	unnamed Polygon: autoDraw = True
149.6361 	EXP 	unnamed Polygon: autoDraw = True
149.6484 	EXP 	unnamed Polygon: autoDraw = True
149.6539 	EXP 	unnamed Polygon: autoDraw = True
149.6650 	EXP 	unnamed Polygon: autoDraw = True
149.6706 	EXP 	unnamed Polygon: autoDraw = True
149.6818 	EXP 	unnamed Polygon: autoDraw = True
149.6863 	EXP 	unnamed Polygon: autoDraw = True
149.6982 	EXP 	unnamed Polygon: autoDraw = True
149.7026 	EXP 	unnamed Polygon: autoDraw = True
149.7150 	EXP 	unnamed Polygon: autoDraw = True
149.7244 	EXP 	unnamed Polygon: autoDraw = False
159.4378 	EXP 	unnamed Polygon: autoDraw = True
159.4378 	EXP 	unnamed Polygon: autoDraw = True
159.4473 	EXP 	unnamed Polygon: autoDraw = True
159.4518 	EXP 	unnamed Polygon: autoDraw = True
159.4641 	EXP 	unnamed Polygon: autoDraw = True
159.4695 	EXP 	unnamed Polygon: autoDraw = True
159.4819 	EXP 	unnamed Polygon: autoDraw = True
159.4873 	EXP 	unnamed Polygon: autoDraw = True
159.4974 	EXP 	unnamed Polygon: autoDraw = True
159.5025 	EXP 	unnamed Polygon: autoDraw = True
159.5150 	EXP 	unnamed Polygon: autoDraw = True
159.5201 	EXP 	unnamed Polygon: autoDraw = True
159.5308 	EXP 	unnamed Polygon: autoDraw = True
159.5355 	EXP 	unnamed Polygon: autoDraw = True
159.5473 	EXP 	unnamed Polygon: autoDraw = True
159.5525 	EXP 	unnamed Polygon: autoDraw = True
159.5653 	EXP 	unnamed Polygon: autoDraw = True
159.5709 	EXP 	unnamed Polygon: autoDraw = True
159.5820 	EXP 	unnamed Polygon: autoDraw = True
159.5875 	EXP 	unnamed Polygon: autoDraw = True
159.5987 	EXP 	unnamed Polygon: autoDraw = True
159.6039 	EXP 	unnamed Polygon: autoDraw = True
159.6151 	EXP 	unnamed Polygon: autoDraw = True
159.6203 	EXP 	unnamed Polygon: autoDraw = True
159.6318 	EXP 	unnamed Polygon: autoDraw = True
159.6368 	EXP 	unnamed Polygon: autoDraw = True
159.6485 	EXP 	unnamed Polygon: autoDraw = True
159.6536 	EXP 	unnamed Polygon: autoDraw = True
159.6650 	EXP 	unnamed Polygon: autoDraw = True
159.6695 	EXP 	unnamed Polygon: autoDraw = True
159.6807 	EXP 	unnamed Polygon: autoDraw = True
159.6850 	EXP 	unnamed Polygon: autoDraw = True
159.6974 	EXP 	unnamed Polygon: autoDraw = True
159.7018 	EXP 	unnamed Polygon: autoDraw = True
159.7152 	EXP 	unnamed Polygon: autoDraw = True
159.7208 	EXP 	unnamed Polygon: autoDraw = True
159.7244 	DATA 	Keypress: 6
159.7315 	EXP 	unnamed Polygon: autoDraw = True
159.7364 	EXP 	unnamed Polygon: autoDraw = True
159.7483 	EXP 	unnamed Polygon: autoDraw = True
159.7528 	EXP 	unnamed Polygon: autoDraw = True
159.7640 	EXP 	unnamed Polygon: autoDraw = True
159.7683 	EXP 	unnamed Polygon: autoDraw = True
159.7816 	EXP 	unnamed Polygon: autoDraw = True
159.7862 	EXP 	unnamed Polygon: autoDraw = True
159.7983 	EXP 	unnamed Polygon: autoDraw = True
159.8054 	EXP 	unnamed Polygon: autoDraw = True
159.8150 	EXP 	unnamed Polygon: autoDraw = True
159.8191 	EXP 	unnamed Polygon: autoDraw = True
159.8307 	EXP 	unnamed Polygon: autoDraw = True
159.8351 	EXP 	unnamed Polygon: autoDraw = True
159.8474 	EXP 	unnamed Polygon: autoDraw = True
159.8519 	EXP 	unnamed Polygon: autoDraw = True
159.8654 	EXP 	unnamed Polygon: autoDraw = True
159.8703 	EXP 	unnamed Polygon: autoDraw = True
159.8817 	EXP 	unnamed Polygon: autoDraw = True
159.8862 	EXP 	unnamed Polygon: autoDraw = True
159.8984 	EXP 	unnamed Polygon: autoDraw = True
159.9067 	EXP 	unnamed Polygon: autoDraw = False
171.6532 	DATA 	Keypress: 6
171.6981 	EXP 	unnamed TextStim: height = np.float64(0.04)
171.6981 	EXP 	unnamed TextStim: height = np.float64(0.04)
171.6981 	EXP 	unnamed TextStim: height = np.float64(0.04)
171.6981 	EXP 	unnamed TextStim: text = 'Instructions...\n\nYour goal is to make as much money as possible.\n\nRemember:\nWIN CIRCLES = win money\nLOSE SQUARES = lose money\n\nQUICKLY press the pointer button with your pointer finger when you see the solid white triangle.\n\nYou will get feedback on whether you pressed the pointer button in time and if you won or lost money.'
174.8515 	EXP 	Created unnamed TextStim = TextStim(__class__=<class 'psychopy.visual.text.TextStim'>, alignHoriz=method-wrapper(...), alignText='center', alignVert=method-wrapper(...), anchorHoriz='center', anchorVert='center', antialias=True, autoDraw=False, autoLog=True, bold=False, color=array([1., 1., 1.]), colorSpace='rgb', contrast=1.0, depth=0, draggable=False, flipHoriz=False, flipVert=False, font='', fontFiles=[], height=np.float64(0.08), italic=False, languageStyle='LTR', name='unnamed TextStim', opacity=1.0, ori=0.0, pos=array([-0.65,  0.15]), rgb=UNKNOWN, text='+', units='height', win=Window(...), wrapWidth=1)
174.8706 	EXP 	Created unnamed ImageStim = ImageStim(__class__=<class 'psychopy.visual.image.ImageStim'>, anchor=('center', 'center'), autoLog=True, color=array([1., 1., 1.]), colorSpace='rgb', contrast=1.0, depth=0, draggable=False, flipHoriz=np.False_, flipVert=np.False_, image='../stimuli/reward_high_200_british.png', interpolate=False, mask=None, maskParams=None, name='unnamed ImageStim', opacity=1, ori=0.0, pos=array([-0.35,  0.15]), size=array([0.2, 0.2]), texRes=128, units='height', win=Window(...))
174.8735 	EXP 	Created unnamed TextStim = TextStim(__class__=<class 'psychopy.visual.text.TextStim'>, alignHoriz=method-wrapper(...), alignText='center', alignVert=method-wrapper(...), anchorHoriz='center', anchorVert='center', antialias=True, autoDraw=False, autoLog=True, bold=False, color=array([1., 1., 1.]), colorSpace='rgb', contrast=1.0, depth=0, draggable=False, flipHoriz=False, flipVert=False, font='', fontFiles=[], height=np.float64(0.08), italic=False, languageStyle='LTR', name='unnamed TextStim', opacity=1.0, ori=0.0, pos=array([-0.15,  0.15]), rgb=UNKNOWN, text='+', units='height', win=Window(...), wrapWidth=1)
174.8770 	EXP 	Created unnamed Polygon = Polygon(__class__=<class 'psychopy.visual.polygon.Polygon'>, anchor=('center', 'center'), autoDraw=False, autoLog=True, closeShape=True, color=method-wrapper(...), colorSpace='rgb', contrast=None, depth=0, draggable=False, fillColor=array([1, 1, 1]), fillColorSpace='rgb', fillRGB=array([1, 1, 1]), interpolate=True, lineColor=array([1., 1., 1.]), lineColorSpace='rgb', lineRGB=array([1, 1, 1]), lineWidth=1.5, name='unnamed Polygon', opacity=1, ori=0.0, pos=array([0.15, 0.15]), size=array([1., 1.]), units='height', vertices=ndarray(...), win=Window(...), windingRule=None)
174.8813 	EXP 	Created unnamed TextStim = TextStim(__class__=<class 'psychopy.visual.text.TextStim'>, alignHoriz=method-wrapper(...), alignText='center', alignVert=method-wrapper(...), anchorHoriz='center', anchorVert='center', antialias=True, autoDraw=False, autoLog=True, bold=False, color=array([1., 1., 1.]), colorSpace='rgb', contrast=1.0, depth=0, draggable=False, flipHoriz=False, flipVert=False, font='', fontFiles=[], height=np.float64(0.08), italic=False, languageStyle='LTR', name='unnamed TextStim', opacity=1.0, ori=0.0, pos=array([0.35, 0.15]), rgb=UNKNOWN, text='+', units='height', win=Window(...), wrapWidth=1)
174.8885 	EXP 	Created unnamed TextStim = TextStim(__class__=<class 'psychopy.visual.text.TextStim'>, alignHoriz=method-wrapper(...), alignText='center', alignVert=method-wrapper(...), anchorHoriz='center', anchorVert='center', antialias=True, autoDraw=False, autoLog=True, bold=False, color=array([1., 1., 1.]), colorSpace='rgb', contrast=1.0, depth=0, draggable=False, flipHoriz=False, flipVert=False, font='', fontFiles=[], height=np.float64(0.08), italic=False, languageStyle='LTR', name='unnamed TextStim', opacity=1.0, ori=0.0, pos=array([0.65, 0.15]), rgb=UNKNOWN, text='Hit!\n+£2.00', units='height', win=Window(...), wrapWidth=1)
174.8887 	WARNING 	TextStim.alignHoriz is deprecated. Use alignText and anchorHoriz attributes instead
174.8939 	EXP 	Created unnamed TextStim = TextStim(__class__=<class 'psychopy.visual.text.TextStim'>, alignHoriz='center', alignText='center', alignVert=method-wrapper(...), anchorHoriz='center', anchorVert='center', antialias=True, autoDraw=False, autoLog=True, bold=False, color=array([1., 1., 1.]), colorSpace='rgb', contrast=1.0, depth=0, draggable=False, flipHoriz=False, flipVert=False, font='', fontFiles=[], height=np.float64(0.04), italic=False, languageStyle='LTR', name='unnamed TextStim', opacity=1.0, ori=0.0, pos=array([-0.65, -0.15]), rgb=UNKNOWN, text='Pay attention', units='height', win=Window(...), wrapWidth=0.1)
174.8941 	WARNING 	TextStim.alignHoriz is deprecated. Use alignText and anchorHoriz attributes instead
174.8992 	EXP 	Created unnamed TextStim = TextStim(__class__=<class 'psychopy.visual.text.TextStim'>, alignHoriz='center', alignText='center', alignVert=method-wrapper(...), anchorHoriz='center', anchorVert='center', antialias=True, autoDraw=False, autoLog=True, bold=False, color=array([1., 1., 1.]), colorSpace='rgb', contrast=1.0, depth=0, draggable=False, flipHoriz=False, flipVert=False, font='', fontFiles=[], height=np.float64(0.04), italic=False, languageStyle='LTR', name='unnamed TextStim', opacity=1.0, ori=0.0, pos=array([-0.35, -0.15]), rgb=UNKNOWN, text="Cue: don't respond yet", units='height', win=Window(...), wrapWidth=0.1)
174.8994 	WARNING 	TextStim.alignHoriz is deprecated. Use alignText and anchorHoriz attributes instead
174.9016 	EXP 	Created unnamed TextStim = TextStim(__class__=<class 'psychopy.visual.text.TextStim'>, alignHoriz='center', alignText='center', alignVert=method-wrapper(...), anchorHoriz='center', anchorVert='center', antialias=True, autoDraw=False, autoLog=True, bold=False, color=array([1., 1., 1.]), colorSpace='rgb', contrast=1.0, depth=0, draggable=False, flipHoriz=False, flipVert=False, font='', fontFiles=[], height=np.float64(0.04), italic=False, languageStyle='LTR', name='unnamed TextStim', opacity=1.0, ori=0.0, pos=array([-0.15, -0.15]), rgb=UNKNOWN, text='Pay attention', units='height', win=Window(...), wrapWidth=0.1)
174.9018 	WARNING 	TextStim.alignHoriz is deprecated. Use alignText and anchorHoriz attributes instead
174.9061 	EXP 	Created unnamed TextStim = TextStim(__class__=<class 'psychopy.visual.text.TextStim'>, alignHoriz='center', alignText='center', alignVert=method-wrapper(...), anchorHoriz='center', anchorVert='center', antialias=True, autoDraw=False, autoLog=True, bold=False, color=array([1., 1., 1.]), colorSpace='rgb', contrast=1.0, depth=0, draggable=False, flipHoriz=False, flipVert=False, font='', fontFiles=[], height=np.float64(0.04), italic=False, languageStyle='LTR', name='unnamed TextStim', opacity=1.0, ori=0.0, pos=array([ 0.15, -0.15]), rgb=UNKNOWN, text='Respond when solid triangle is on screen', units='height', win=Window(...), wrapWidth=0.1)
174.9063 	WARNING 	TextStim.alignHoriz is deprecated. Use alignText and anchorHoriz attributes instead
174.9083 	EXP 	Created unnamed TextStim = TextStim(__class__=<class 'psychopy.visual.text.TextStim'>, alignHoriz='center', alignText='center', alignVert=method-wrapper(...), anchorHoriz='center', anchorVert='center', antialias=True, autoDraw=False, autoLog=True, bold=False, color=array([1., 1., 1.]), colorSpace='rgb', contrast=1.0, depth=0, draggable=False, flipHoriz=False, flipVert=False, font='', fontFiles=[], height=np.float64(0.04), italic=False, languageStyle='LTR', name='unnamed TextStim', opacity=1.0, ori=0.0, pos=array([ 0.35, -0.15]), rgb=UNKNOWN, text='Pay attention', units='height', win=Window(...), wrapWidth=0.1)
174.9085 	WARNING 	TextStim.alignHoriz is deprecated. Use alignText and anchorHoriz attributes instead
174.9106 	EXP 	Created unnamed TextStim = TextStim(__class__=<class 'psychopy.visual.text.TextStim'>, alignHoriz='center', alignText='center', alignVert=method-wrapper(...), anchorHoriz='center', anchorVert='center', antialias=True, autoDraw=False, autoLog=True, bold=False, color=array([1., 1., 1.]), colorSpace='rgb', contrast=1.0, depth=0, draggable=False, flipHoriz=False, flipVert=False, font='', fontFiles=[], height=np.float64(0.04), italic=False, languageStyle='LTR', name='unnamed TextStim', opacity=1.0, ori=0.0, pos=array([ 0.65, -0.15]), rgb=UNKNOWN, text='Feedback', units='height', win=Window(...), wrapWidth=0.1)
174.9203 	DATA 	Keypress: 6
181.1943 	DATA 	Keypress: 6
184.1169 	DATA 	Keypress: 6
184.1194 	DATA 	Keypress: bracketright
184.1209 	DATA 	Keypress: return
192.0634 	DATA 	Keypress: space
192.0658 	DATA 	Keypress: 5
192.0676 	DATA 	Keypress: 6
192.0693 	DATA 	Keypress: bracketright
192.0710 	DATA 	Keypress: space
192.0722 	DATA 	Keypress: return
193.7091 	DATA 	Keypress: t
202.9044 	EXP 	unnamed Polygon: autoDraw = True
202.9044 	EXP 	unnamed Polygon: autoDraw = True
202.9142 	EXP 	unnamed Polygon: autoDraw = True
202.9186 	EXP 	unnamed Polygon: autoDraw = True
202.9309 	EXP 	unnamed Polygon: autoDraw = True
202.9355 	EXP 	unnamed Polygon: autoDraw = True
202.9490 	EXP 	unnamed Polygon: autoDraw = True
202.9542 	EXP 	unnamed Polygon: autoDraw = True
202.9653 	EXP 	unnamed Polygon: autoDraw = True
202.9704 	EXP 	unnamed Polygon: autoDraw = True
202.9813 	EXP 	unnamed Polygon: autoDraw = True
202.9864 	EXP 	unnamed Polygon: autoDraw = True
202.9987 	EXP 	unnamed Polygon: autoDraw = True
203.0037 	EXP 	unnamed Polygon: autoDraw = True
203.0153 	EXP 	unnamed Polygon: autoDraw = True
203.0203 	EXP 	unnamed Polygon: autoDraw = True
203.0319 	EXP 	unnamed Polygon: autoDraw = True
203.0369 	EXP 	unnamed Polygon: autoDraw = True
203.0477 	EXP 	unnamed Polygon: autoDraw = True
203.0525 	EXP 	unnamed Polygon: autoDraw = True
203.0653 	EXP 	unnamed Polygon: autoDraw = True
203.0704 	EXP 	unnamed Polygon: autoDraw = True
203.0821 	EXP 	unnamed Polygon: autoDraw = True
203.0872 	EXP 	unnamed Polygon: autoDraw = True
203.0985 	EXP 	unnamed Polygon: autoDraw = True
203.1030 	EXP 	unnamed Polygon: autoDraw = True
203.1152 	EXP 	unnamed Polygon: autoDraw = True
203.1200 	EXP 	unnamed Polygon: autoDraw = True
203.1250 	DATA 	Keypress: 6
203.1306 	EXP 	unnamed Polygon: autoDraw = True
203.1350 	EXP 	unnamed Polygon: autoDraw = True
203.1487 	EXP 	unnamed Polygon: autoDraw = True
203.1532 	EXP 	unnamed Polygon: autoDraw = True
203.1654 	EXP 	unnamed Polygon: autoDraw = True
203.1700 	EXP 	unnamed Polygon: autoDraw = True
203.1819 	EXP 	unnamed Polygon: autoDraw = False
204.7976 	EXP 	trial_feedback: height = np.float64(0.09)
204.7976 	EXP 	trial_feedback: height = np.float64(0.09)
204.7976 	EXP 	trial_feedback: height = np.float64(0.09)
204.7976 	EXP 	trial_feedback: text = 'Hit!\n$0.00'
204.7976 	EXP 	trial_feedback: autoDraw = True
206.7886 	EXP 	trial_feedback: autoDraw = False
206.7886 	EXP 	exp_feedback: autoDraw = False
217.2875 	EXP 	unnamed Polygon: autoDraw = True
217.2875 	EXP 	unnamed Polygon: autoDraw = True
217.2986 	EXP 	unnamed Polygon: autoDraw = True
217.3034 	EXP 	unnamed Polygon: autoDraw = True
217.3155 	EXP 	unnamed Polygon: autoDraw = True
217.3201 	EXP 	unnamed Polygon: autoDraw = True
217.3321 	EXP 	unnamed Polygon: autoDraw = True
217.3368 	EXP 	unnamed Polygon: autoDraw = True
217.3488 	EXP 	unnamed Polygon: autoDraw = True
217.3534 	EXP 	unnamed Polygon: autoDraw = True
217.3643 	EXP 	unnamed Polygon: autoDraw = True
217.3687 	EXP 	unnamed Polygon: autoDraw = True
217.3810 	EXP 	unnamed Polygon: autoDraw = True
217.3854 	EXP 	unnamed Polygon: autoDraw = True
217.3990 	EXP 	unnamed Polygon: autoDraw = True
217.4047 	EXP 	unnamed Polygon: autoDraw = True
217.4156 	EXP 	unnamed Polygon: autoDraw = True
217.4211 	EXP 	unnamed Polygon: autoDraw = True
217.4323 	EXP 	unnamed Polygon: autoDraw = True
217.4376 	EXP 	unnamed Polygon: autoDraw = True
217.4480 	EXP 	unnamed Polygon: autoDraw = True
217.4527 	EXP 	unnamed Polygon: autoDraw = True
217.4655 	EXP 	unnamed Polygon: autoDraw = True
217.4707 	EXP 	unnamed Polygon: autoDraw = True
217.4823 	EXP 	unnamed Polygon: autoDraw = True
217.4879 	EXP 	unnamed Polygon: autoDraw = True
217.4989 	EXP 	unnamed Polygon: autoDraw = True
217.5044 	EXP 	unnamed Polygon: autoDraw = True
217.5154 	EXP 	unnamed Polygon: autoDraw = True
217.5204 	EXP 	unnamed Polygon: autoDraw = True
217.5322 	EXP 	unnamed Polygon: autoDraw = True
217.5367 	EXP 	unnamed Polygon: autoDraw = True
217.5488 	EXP 	unnamed Polygon: autoDraw = True
217.5533 	EXP 	unnamed Polygon: autoDraw = True
217.5653 	EXP 	unnamed Polygon: autoDraw = False
218.8023 	EXP 	trial_feedback: height = np.float64(0.09)
218.8023 	EXP 	trial_feedback: height = np.float64(0.09)
218.8023 	EXP 	trial_feedback: height = np.float64(0.09)
218.8023 	EXP 	trial_feedback: text = 'Miss!\n$0.00'
218.8023 	EXP 	trial_feedback: autoDraw = True
220.7866 	EXP 	trial_feedback: autoDraw = False
220.8055 	EXP 	trial_feedback: autoDraw = False
220.8055 	EXP 	exp_feedback: autoDraw = False
229.1707 	EXP 	unnamed Polygon: autoDraw = True
229.1707 	EXP 	unnamed Polygon: autoDraw = True
229.1823 	EXP 	unnamed Polygon: autoDraw = True
229.1887 	EXP 	unnamed Polygon: autoDraw = True
229.1989 	EXP 	unnamed Polygon: autoDraw = True
229.2036 	EXP 	unnamed Polygon: autoDraw = True
229.2158 	EXP 	unnamed Polygon: autoDraw = True
229.2203 	EXP 	unnamed Polygon: autoDraw = True
229.2322 	EXP 	unnamed Polygon: autoDraw = True
229.2367 	EXP 	unnamed Polygon: autoDraw = True
229.2489 	EXP 	unnamed Polygon: autoDraw = True
229.2541 	EXP 	unnamed Polygon: autoDraw = True
229.2655 	EXP 	unnamed Polygon: autoDraw = True
229.2700 	EXP 	unnamed Polygon: autoDraw = True
229.2812 	EXP 	unnamed Polygon: autoDraw = True
229.2855 	EXP 	unnamed Polygon: autoDraw = True
229.2979 	EXP 	unnamed Polygon: autoDraw = True
229.3025 	EXP 	unnamed Polygon: autoDraw = True
229.3157 	EXP 	unnamed Polygon: autoDraw = True
229.3201 	EXP 	unnamed Polygon: autoDraw = True
229.3322 	EXP 	unnamed Polygon: autoDraw = True
229.3372 	EXP 	unnamed Polygon: autoDraw = True
229.3490 	EXP 	unnamed Polygon: autoDraw = True
229.3538 	EXP 	unnamed Polygon: autoDraw = True
229.3658 	EXP 	unnamed Polygon: autoDraw = True
229.3713 	EXP 	unnamed Polygon: autoDraw = True
229.3824 	EXP 	unnamed Polygon: autoDraw = True
229.3880 	EXP 	unnamed Polygon: autoDraw = True
229.3990 	EXP 	unnamed Polygon: autoDraw = True
229.4044 	EXP 	unnamed Polygon: autoDraw = True
229.4157 	EXP 	unnamed Polygon: autoDraw = True
229.4209 	EXP 	unnamed Polygon: autoDraw = True
229.4322 	EXP 	unnamed Polygon: autoDraw = True
229.4373 	EXP 	unnamed Polygon: autoDraw = True
229.4486 	EXP 	unnamed Polygon: autoDraw = False
230.8109 	EXP 	trial_feedback: height = np.float64(0.09)
230.8109 	EXP 	trial_feedback: height = np.float64(0.09)
230.8109 	EXP 	trial_feedback: height = np.float64(0.09)
230.8109 	EXP 	trial_feedback: text = 'Miss!\n-$0.00'
230.8109 	EXP 	trial_feedback: autoDraw = True
232.7992 	EXP 	trial_feedback: autoDraw = False
232.8056 	EXP 	trial_feedback: autoDraw = False
232.8056 	EXP 	exp_feedback: autoDraw = False
239.1156 	EXP 	unnamed Polygon: autoDraw = True
239.1156 	EXP 	unnamed Polygon: autoDraw = True
239.1203 	EXP 	unnamed Polygon: autoDraw = True
239.1323 	EXP 	unnamed Polygon: autoDraw = True
239.1375 	EXP 	unnamed Polygon: autoDraw = True
239.1489 	EXP 	unnamed Polygon: autoDraw = True
239.1542 	EXP 	unnamed Polygon: autoDraw = True
239.1657 	EXP 	unnamed Polygon: autoDraw = True
239.1709 	EXP 	unnamed Polygon: autoDraw = True
239.1823 	EXP 	unnamed Polygon: autoDraw = True
239.1868 	EXP 	unnamed Polygon: autoDraw = True
239.1990 	EXP 	unnamed Polygon: autoDraw = True
239.2035 	EXP 	unnamed Polygon: autoDraw = True
239.2157 	EXP 	unnamed Polygon: autoDraw = True
239.2208 	EXP 	unnamed Polygon: autoDraw = True
239.2323 	EXP 	unnamed Polygon: autoDraw = True
239.2376 	EXP 	unnamed Polygon: autoDraw = True
239.2489 	EXP 	unnamed Polygon: autoDraw = True
239.2540 	EXP 	unnamed Polygon: autoDraw = True
239.2656 	EXP 	unnamed Polygon: autoDraw = True
239.2706 	EXP 	unnamed Polygon: autoDraw = True
239.2824 	EXP 	unnamed Polygon: autoDraw = True
239.2880 	EXP 	unnamed Polygon: autoDraw = True
239.2990 	EXP 	unnamed Polygon: autoDraw = True
239.3044 	EXP 	unnamed Polygon: autoDraw = True
239.3156 	EXP 	unnamed Polygon: autoDraw = True
239.3201 	EXP 	unnamed Polygon: autoDraw = True
239.3322 	EXP 	unnamed Polygon: autoDraw = True
239.3367 	EXP 	unnamed Polygon: autoDraw = True
239.3488 	EXP 	unnamed Polygon: autoDraw = True
239.3535 	EXP 	unnamed Polygon: autoDraw = True
239.3655 	EXP 	unnamed Polygon: autoDraw = True
239.3700 	EXP 	unnamed Polygon: autoDraw = True
239.3823 	EXP 	unnamed Polygon: autoDraw = True
239.3868 	EXP 	unnamed Polygon: autoDraw = True
239.3991 	EXP 	unnamed Polygon: autoDraw = True
239.4086 	EXP 	unnamed Polygon: autoDraw = False
240.8073 	EXP 	trial_feedback: height = np.float64(0.09)
240.8073 	EXP 	trial_feedback: height = np.float64(0.09)
240.8073 	EXP 	trial_feedback: height = np.float64(0.09)
240.8073 	EXP 	trial_feedback: text = 'Miss!\n$0.00'
240.8073 	EXP 	trial_feedback: autoDraw = True
242.7982 	EXP 	trial_feedback: autoDraw = False
242.8149 	EXP 	trial_feedback: autoDraw = False
242.8149 	EXP 	exp_feedback: autoDraw = False
253.0717 	EXP 	unnamed Polygon: autoDraw = True
253.0717 	EXP 	unnamed Polygon: autoDraw = True
253.0824 	EXP 	unnamed Polygon: autoDraw = True
253.0869 	EXP 	unnamed Polygon: autoDraw = True
253.0991 	EXP 	unnamed Polygon: autoDraw = True
253.1037 	EXP 	unnamed Polygon: autoDraw = True
253.1159 	EXP 	unnamed Polygon: autoDraw = True
253.1210 	EXP 	unnamed Polygon: autoDraw = True
253.1325 	EXP 	unnamed Polygon: autoDraw = True
253.1372 	EXP 	unnamed Polygon: autoDraw = True
253.1491 	EXP 	unnamed Polygon: autoDraw = True
253.1541 	EXP 	unnamed Polygon: autoDraw = True
253.1658 	EXP 	unnamed Polygon: autoDraw = True
253.1709 	EXP 	unnamed Polygon: autoDraw = True
253.1823 	EXP 	unnamed Polygon: autoDraw = True
253.1872 	EXP 	unnamed Polygon: autoDraw = True
253.1983 	EXP 	unnamed Polygon: autoDraw = True
253.2035 	EXP 	unnamed Polygon: autoDraw = True
253.2148 	EXP 	unnamed Polygon: autoDraw = True
253.2198 	EXP 	unnamed Polygon: autoDraw = True
253.2324 	EXP 	unnamed Polygon: autoDraw = True
253.2376 	EXP 	unnamed Polygon: autoDraw = True
253.2491 	EXP 	unnamed Polygon: autoDraw = True
253.2537 	EXP 	unnamed Polygon: autoDraw = True
253.2657 	EXP 	unnamed Polygon: autoDraw = True
253.2708 	EXP 	unnamed Polygon: autoDraw = True
253.2814 	EXP 	unnamed Polygon: autoDraw = True
253.2866 	EXP 	unnamed Polygon: autoDraw = True
253.2992 	EXP 	unnamed Polygon: autoDraw = True
253.3045 	EXP 	unnamed Polygon: autoDraw = True
253.3146 	EXP 	unnamed Polygon: autoDraw = True
253.3197 	EXP 	unnamed Polygon: autoDraw = True
253.3324 	EXP 	unnamed Polygon: autoDraw = True
253.3377 	EXP 	unnamed Polygon: autoDraw = True
253.3479 	EXP 	unnamed Polygon: autoDraw = False
254.8146 	EXP 	trial_feedback: text = 'Miss!\n$0.00'
254.8146 	EXP 	trial_feedback: autoDraw = True
256.8026 	EXP 	trial_feedback: autoDraw = False
256.8230 	EXP 	trial_feedback: autoDraw = False
256.8230 	EXP 	exp_feedback: autoDraw = False
263.2657 	EXP 	unnamed Polygon: autoDraw = True
263.2657 	EXP 	unnamed Polygon: autoDraw = True
263.2707 	EXP 	unnamed Polygon: autoDraw = True
263.2817 	EXP 	unnamed Polygon: autoDraw = True
263.2861 	EXP 	unnamed Polygon: autoDraw = True
263.2982 	EXP 	unnamed Polygon: autoDraw = True
263.3031 	EXP 	unnamed Polygon: autoDraw = True
263.3158 	EXP 	unnamed Polygon: autoDraw = True
263.3207 	EXP 	unnamed Polygon: autoDraw = True
263.3328 	EXP 	unnamed Polygon: autoDraw = True
263.3382 	EXP 	unnamed Polygon: autoDraw = True
263.3492 	EXP 	unnamed Polygon: autoDraw = True
263.3547 	EXP 	unnamed Polygon: autoDraw = True
263.3659 	EXP 	unnamed Polygon: autoDraw = True
263.3711 	EXP 	unnamed Polygon: autoDraw = True
263.3825 	EXP 	unnamed Polygon: autoDraw = True
263.3875 	EXP 	unnamed Polygon: autoDraw = True
263.3994 	EXP 	unnamed Polygon: autoDraw = True
263.4049 	EXP 	unnamed Polygon: autoDraw = True
263.4157 	EXP 	unnamed Polygon: autoDraw = True
263.4203 	EXP 	unnamed Polygon: autoDraw = True
263.4314 	EXP 	unnamed Polygon: autoDraw = True
263.4359 	EXP 	unnamed Polygon: autoDraw = True
263.4480 	EXP 	unnamed Polygon: autoDraw = True
263.4525 	EXP 	unnamed Polygon: autoDraw = True
263.4659 	EXP 	unnamed Polygon: autoDraw = True
263.4710 	EXP 	unnamed Polygon: autoDraw = True
263.4825 	EXP 	unnamed Polygon: autoDraw = True
263.4870 	EXP 	unnamed Polygon: autoDraw = True
263.4992 	EXP 	unnamed Polygon: autoDraw = True
263.5039 	EXP 	unnamed Polygon: autoDraw = True
263.5159 	EXP 	unnamed Polygon: autoDraw = True
263.5216 	EXP 	unnamed Polygon: autoDraw = True
263.5326 	EXP 	unnamed Polygon: autoDraw = True
263.5376 	EXP 	unnamed Polygon: autoDraw = True
263.5491 	EXP 	unnamed Polygon: autoDraw = True
263.5583 	EXP 	unnamed Polygon: autoDraw = False
264.8265 	EXP 	trial_feedback: height = np.float64(0.09)
264.8265 	EXP 	trial_feedback: height = np.float64(0.09)
264.8265 	EXP 	trial_feedback: height = np.float64(0.09)
264.8265 	EXP 	trial_feedback: text = 'Miss!\n-$0.00'
264.8265 	EXP 	trial_feedback: autoDraw = True
266.8158 	EXP 	trial_feedback: autoDraw = False
266.8326 	EXP 	trial_feedback: autoDraw = False
266.8326 	EXP 	exp_feedback: autoDraw = False
272.8550 	EXP 	unnamed Polygon: autoDraw = True
272.8550 	EXP 	unnamed Polygon: autoDraw = True
272.8660 	EXP 	unnamed Polygon: autoDraw = True
272.8709 	EXP 	unnamed Polygon: autoDraw = True
272.8826 	EXP 	unnamed Polygon: autoDraw = True
272.8877 	EXP 	unnamed Polygon: autoDraw = True
272.8991 	EXP 	unnamed Polygon: autoDraw = True
272.9042 	EXP 	unnamed Polygon: autoDraw = True
272.9158 	EXP 	unnamed Polygon: autoDraw = True
272.9208 	EXP 	unnamed Polygon: autoDraw = True
272.9317 	EXP 	unnamed Polygon: autoDraw = True
272.9371 	EXP 	unnamed Polygon: autoDraw = True
272.9494 	EXP 	unnamed Polygon: autoDraw = True
272.9539 	EXP 	unnamed Polygon: autoDraw = True
272.9661 	EXP 	unnamed Polygon: autoDraw = True
272.9713 	EXP 	unnamed Polygon: autoDraw = True
272.9826 	EXP 	unnamed Polygon: autoDraw = True
272.9876 	EXP 	unnamed Polygon: autoDraw = True
272.9992 	EXP 	unnamed Polygon: autoDraw = True
273.0044 	EXP 	unnamed Polygon: autoDraw = True
273.0158 	EXP 	unnamed Polygon: autoDraw = True
273.0215 	EXP 	unnamed Polygon: autoDraw = True
273.0315 	EXP 	unnamed Polygon: autoDraw = True
273.0368 	EXP 	unnamed Polygon: autoDraw = True
273.0481 	EXP 	unnamed Polygon: autoDraw = True
273.0529 	EXP 	unnamed Polygon: autoDraw = True
273.0650 	EXP 	unnamed Polygon: autoDraw = True
273.0705 	EXP 	unnamed Polygon: autoDraw = True
273.0826 	EXP 	unnamed Polygon: autoDraw = True
273.0881 	EXP 	unnamed Polygon: autoDraw = True
273.0992 	EXP 	unnamed Polygon: autoDraw = True
273.1043 	EXP 	unnamed Polygon: autoDraw = True
273.1158 	EXP 	unnamed Polygon: autoDraw = True
273.1202 	EXP 	unnamed Polygon: autoDraw = True
273.1324 	EXP 	unnamed Polygon: autoDraw = False
274.8438 	EXP 	trial_feedback: height = np.float64(0.09)
274.8438 	EXP 	trial_feedback: height = np.float64(0.09)
274.8438 	EXP 	trial_feedback: height = np.float64(0.09)
274.8438 	EXP 	trial_feedback: text = 'Miss!\n-$0.50'
274.8438 	EXP 	trial_feedback: autoDraw = True
276.8327 	EXP 	trial_feedback: autoDraw = False
276.8393 	EXP 	trial_feedback: autoDraw = False
276.8393 	EXP 	exp_feedback: autoDraw = False
283.1159 	EXP 	unnamed Polygon: autoDraw = True
283.1159 	EXP 	unnamed Polygon: autoDraw = True
283.1205 	EXP 	unnamed Polygon: autoDraw = True
283.1328 	EXP 	unnamed Polygon: autoDraw = True
283.1380 	EXP 	unnamed Polygon: autoDraw = True
283.1495 	EXP 	unnamed Polygon: autoDraw = True
283.1545 	EXP 	unnamed Polygon: autoDraw = True
283.1659 	EXP 	unnamed Polygon: autoDraw = True
283.1710 	EXP 	unnamed Polygon: autoDraw = True
283.1825 	EXP 	unnamed Polygon: autoDraw = True
283.1876 	EXP 	unnamed Polygon: autoDraw = True
283.1994 	EXP 	unnamed Polygon: autoDraw = True
283.2047 	EXP 	unnamed Polygon: autoDraw = True
283.2160 	EXP 	unnamed Polygon: autoDraw = True
283.2211 	EXP 	unnamed Polygon: autoDraw = True
283.2327 	EXP 	unnamed Polygon: autoDraw = True
283.2379 	EXP 	unnamed Polygon: autoDraw = True
283.2492 	EXP 	unnamed Polygon: autoDraw = True
283.2543 	EXP 	unnamed Polygon: autoDraw = True
283.2662 	EXP 	unnamed Polygon: autoDraw = True
283.2715 	EXP 	unnamed Polygon: autoDraw = True
283.2827 	EXP 	unnamed Polygon: autoDraw = True
283.2881 	EXP 	unnamed Polygon: autoDraw = True
283.2994 	EXP 	unnamed Polygon: autoDraw = True
283.3045 	EXP 	unnamed Polygon: autoDraw = True
283.3158 	EXP 	unnamed Polygon: autoDraw = True
283.3202 	EXP 	unnamed Polygon: autoDraw = True
283.3326 	EXP 	unnamed Polygon: autoDraw = True
283.3371 	EXP 	unnamed Polygon: autoDraw = True
283.3494 	EXP 	unnamed Polygon: autoDraw = True
283.3548 	EXP 	unnamed Polygon: autoDraw = True
283.3659 	EXP 	unnamed Polygon: autoDraw = True
283.3709 	EXP 	unnamed Polygon: autoDraw = True
283.3828 	EXP 	unnamed Polygon: autoDraw = True
283.3882 	EXP 	unnamed Polygon: autoDraw = True
283.3984 	EXP 	unnamed Polygon: autoDraw = True
283.4077 	EXP 	unnamed Polygon: autoDraw = False
284.8541 	EXP 	trial_feedback: text = 'Miss!\n-$0.50'
284.8541 	EXP 	trial_feedback: autoDraw = True
286.8494 	EXP 	trial_feedback: autoDraw = False
286.8555 	EXP 	trial_feedback: autoDraw = False
286.8555 	EXP 	exp_feedback: autoDraw = False
296.9053 	EXP 	unnamed Polygon: autoDraw = True
296.9053 	EXP 	unnamed Polygon: autoDraw = True
296.9160 	EXP 	unnamed Polygon: autoDraw = True
296.9211 	EXP 	unnamed Polygon: autoDraw = True
296.9326 	EXP 	unnamed Polygon: autoDraw = True
296.9381 	EXP 	unnamed Polygon: autoDraw = True
296.9494 	EXP 	unnamed Polygon: autoDraw = True
296.9545 	EXP 	unnamed Polygon: autoDraw = True
296.9659 	EXP 	unnamed Polygon: autoDraw = True
296.9708 	EXP 	unnamed Polygon: autoDraw = True
296.9827 	EXP 	unnamed Polygon: autoDraw = True
296.9877 	EXP 	unnamed Polygon: autoDraw = True
296.9993 	EXP 	unnamed Polygon: autoDraw = True
297.0042 	EXP 	unnamed Polygon: autoDraw = True
297.0149 	EXP 	unnamed Polygon: autoDraw = True
297.0193 	EXP 	unnamed Polygon: autoDraw = True
297.0327 	EXP 	unnamed Polygon: autoDraw = True
297.0381 	EXP 	unnamed Polygon: autoDraw = True
297.0492 	EXP 	unnamed Polygon: autoDraw = True
297.0540 	EXP 	unnamed Polygon: autoDraw = True
297.0660 	EXP 	unnamed Polygon: autoDraw = True
297.0714 	EXP 	unnamed Polygon: autoDraw = True
297.0826 	EXP 	unnamed Polygon: autoDraw = True
297.0874 	EXP 	unnamed Polygon: autoDraw = True
297.0994 	EXP 	unnamed Polygon: autoDraw = True
297.1038 	EXP 	unnamed Polygon: autoDraw = True
297.1160 	EXP 	unnamed Polygon: autoDraw = True
297.1205 	EXP 	unnamed Polygon: autoDraw = True
297.1330 	EXP 	unnamed Polygon: autoDraw = True
297.1384 	EXP 	unnamed Polygon: autoDraw = True
297.1495 	EXP 	unnamed Polygon: autoDraw = True
297.1549 	EXP 	unnamed Polygon: autoDraw = True
297.1660 	EXP 	unnamed Polygon: autoDraw = True
297.1712 	EXP 	unnamed Polygon: autoDraw = True
297.1826 	EXP 	unnamed Polygon: autoDraw = False
298.8816 	EXP 	trial_feedback: height = np.float64(0.09)
298.8816 	EXP 	trial_feedback: height = np.float64(0.09)
298.8816 	EXP 	trial_feedback: height = np.float64(0.09)
298.8816 	EXP 	trial_feedback: text = 'Miss!\n$0.00'
298.8816 	EXP 	trial_feedback: autoDraw = True
300.8539 	EXP 	trial_feedback: autoDraw = False
300.8721 	EXP 	trial_feedback: autoDraw = False
300.8721 	EXP 	exp_feedback: autoDraw = False
311.3715 	EXP 	unnamed Polygon: autoDraw = True
311.3715 	EXP 	unnamed Polygon: autoDraw = True
311.3830 	EXP 	unnamed Polygon: autoDraw = True
311.3873 	EXP 	unnamed Polygon: autoDraw = True
311.3994 	EXP 	unnamed Polygon: autoDraw = True
311.4039 	EXP 	unnamed Polygon: autoDraw = True
311.4163 	EXP 	unnamed Polygon: autoDraw = True
311.4216 	EXP 	unnamed Polygon: autoDraw = True
311.4329 	EXP 	unnamed Polygon: autoDraw = True
311.4378 	EXP 	unnamed Polygon: autoDraw = True
311.4486 	EXP 	unnamed Polygon: autoDraw = True
311.4534 	EXP 	unnamed Polygon: autoDraw = True
311.4662 	EXP 	unnamed Polygon: autoDraw = True
311.4713 	EXP 	unnamed Polygon: autoDraw = True
311.4827 	EXP 	unnamed Polygon: autoDraw = True
311.4882 	EXP 	unnamed Polygon: autoDraw = True
311.4997 	EXP 	unnamed Polygon: autoDraw = True
311.5049 	EXP 	unnamed Polygon: autoDraw = True
311.5159 	EXP 	unnamed Polygon: autoDraw = True
311.5208 	EXP 	unnamed Polygon: autoDraw = True
311.5331 	EXP 	unnamed Polygon: autoDraw = True
311.5386 	EXP 	unnamed Polygon: autoDraw = True
311.5495 	EXP 	unnamed Polygon: autoDraw = True
311.5549 	EXP 	unnamed Polygon: autoDraw = True
311.5660 	EXP 	unnamed Polygon: autoDraw = True
311.5704 	EXP 	unnamed Polygon: autoDraw = True
311.5827 	EXP 	unnamed Polygon: autoDraw = True
311.5871 	EXP 	unnamed Polygon: autoDraw = True
311.5998 	EXP 	unnamed Polygon: autoDraw = True
311.6050 	EXP 	unnamed Polygon: autoDraw = True
311.6161 	EXP 	unnamed Polygon: autoDraw = True
311.6210 	EXP 	unnamed Polygon: autoDraw = True
311.6329 	EXP 	unnamed Polygon: autoDraw = True
311.6379 	EXP 	unnamed Polygon: autoDraw = True
311.6494 	EXP 	unnamed Polygon: autoDraw = True
311.6544 	EXP 	unnamed Polygon: autoDraw = True
311.6662 	EXP 	unnamed Polygon: autoDraw = True
311.6713 	EXP 	unnamed Polygon: autoDraw = True
311.6828 	EXP 	unnamed Polygon: autoDraw = True
311.6917 	EXP 	unnamed Polygon: autoDraw = False
312.8980 	EXP 	trial_feedback: height = np.float64(0.09)
312.8980 	EXP 	trial_feedback: height = np.float64(0.09)
312.8980 	EXP 	trial_feedback: height = np.float64(0.09)
312.8980 	EXP 	trial_feedback: text = 'Miss!\n-$0.00'
312.8980 	EXP 	trial_feedback: autoDraw = True
314.8872 	EXP 	trial_feedback: autoDraw = False
314.9059 	EXP 	trial_feedback: autoDraw = False
314.9059 	EXP 	exp_feedback: autoDraw = False
323.3706 	EXP 	unnamed Polygon: autoDraw = True
323.3706 	EXP 	unnamed Polygon: autoDraw = True
323.3818 	EXP 	unnamed Polygon: autoDraw = True
323.3864 	EXP 	unnamed Polygon: autoDraw = True
323.3996 	EXP 	unnamed Polygon: autoDraw = True
323.4044 	EXP 	unnamed Polygon: autoDraw = True
323.4162 	EXP 	unnamed Polygon: autoDraw = True
323.4216 	EXP 	unnamed Polygon: autoDraw = True
323.4322 	EXP 	unnamed Polygon: autoDraw = True
323.4365 	EXP 	unnamed Polygon: autoDraw = True
323.4484 	EXP 	unnamed Polygon: autoDraw = True
323.4530 	EXP 	unnamed Polygon: autoDraw = True
323.4666 	EXP 	unnamed Polygon: autoDraw = True
323.4723 	EXP 	unnamed Polygon: autoDraw = True
323.4831 	EXP 	unnamed Polygon: autoDraw = True
323.4885 	EXP 	unnamed Polygon: autoDraw = True
323.4996 	EXP 	unnamed Polygon: autoDraw = True
323.5047 	EXP 	unnamed Polygon: autoDraw = True
323.5162 	EXP 	unnamed Polygon: autoDraw = True
323.5218 	EXP 	unnamed Polygon: autoDraw = True
323.5328 	EXP 	unnamed Polygon: autoDraw = True
323.5378 	EXP 	unnamed Polygon: autoDraw = True
323.5497 	EXP 	unnamed Polygon: autoDraw = True
323.5551 	EXP 	unnamed Polygon: autoDraw = True
323.5663 	EXP 	unnamed Polygon: autoDraw = True
323.5717 	EXP 	unnamed Polygon: autoDraw = True
323.5828 	EXP 	unnamed Polygon: autoDraw = True
323.5880 	EXP 	unnamed Polygon: autoDraw = True
323.5994 	EXP 	unnamed Polygon: autoDraw = True
323.6040 	EXP 	unnamed Polygon: autoDraw = True
323.6162 	EXP 	unnamed Polygon: autoDraw = True
323.6206 	EXP 	unnamed Polygon: autoDraw = True
323.6330 	EXP 	unnamed Polygon: autoDraw = True
323.6383 	EXP 	unnamed Polygon: autoDraw = True
323.6496 	EXP 	unnamed Polygon: autoDraw = True
323.6548 	EXP 	unnamed Polygon: autoDraw = True
323.6662 	EXP 	unnamed Polygon: autoDraw = True
323.6713 	EXP 	unnamed Polygon: autoDraw = True
323.6830 	EXP 	unnamed Polygon: autoDraw = True
323.6886 	EXP 	unnamed Polygon: autoDraw = True
323.6996 	EXP 	unnamed Polygon: autoDraw = True
323.7093 	EXP 	unnamed Polygon: autoDraw = False
324.9207 	EXP 	trial_feedback: text = 'Miss!\n-$0.00'
324.9207 	EXP 	trial_feedback: autoDraw = True
326.9197 	EXP 	trial_feedback: autoDraw = False
326.9330 	EXP 	trial_feedback: autoDraw = False
326.9330 	EXP 	exp_feedback: autoDraw = False
337.0720 	EXP 	unnamed Polygon: autoDraw = True
337.0720 	EXP 	unnamed Polygon: autoDraw = True
337.0829 	EXP 	unnamed Polygon: autoDraw = True
337.0875 	EXP 	unnamed Polygon: autoDraw = True
337.0996 	EXP 	unnamed Polygon: autoDraw = True
337.1045 	EXP 	unnamed Polygon: autoDraw = True
337.1162 	EXP 	unnamed Polygon: autoDraw = True
337.1212 	EXP 	unnamed Polygon: autoDraw = True
337.1329 	EXP 	unnamed Polygon: autoDraw = True
337.1380 	EXP 	unnamed Polygon: autoDraw = True
337.1487 	EXP 	unnamed Polygon: autoDraw = True
337.1536 	EXP 	unnamed Polygon: autoDraw = True
337.1653 	EXP 	unnamed Polygon: autoDraw = True
337.1703 	EXP 	unnamed Polygon: autoDraw = True
337.1830 	EXP 	unnamed Polygon: autoDraw = True
337.1887 	EXP 	unnamed Polygon: autoDraw = True
337.1997 	EXP 	unnamed Polygon: autoDraw = True
337.2042 	EXP 	unnamed Polygon: autoDraw = True
337.2163 	EXP 	unnamed Polygon: autoDraw = True
337.2215 	EXP 	unnamed Polygon: autoDraw = True
337.2320 	EXP 	unnamed Polygon: autoDraw = True
337.2368 	EXP 	unnamed Polygon: autoDraw = True
337.2485 	EXP 	unnamed Polygon: autoDraw = True
337.2533 	EXP 	unnamed Polygon: autoDraw = True
337.2665 	EXP 	unnamed Polygon: autoDraw = True
337.2721 	EXP 	unnamed Polygon: autoDraw = True
337.2831 	EXP 	unnamed Polygon: autoDraw = True
337.2888 	EXP 	unnamed Polygon: autoDraw = True
337.2986 	EXP 	unnamed Polygon: autoDraw = True
337.3028 	EXP 	unnamed Polygon: autoDraw = True
337.3153 	EXP 	unnamed Polygon: autoDraw = True
337.3197 	EXP 	unnamed Polygon: autoDraw = True
337.3330 	EXP 	unnamed Polygon: autoDraw = True
337.3376 	EXP 	unnamed Polygon: autoDraw = True
337.3495 	EXP 	unnamed Polygon: autoDraw = True
337.3542 	EXP 	unnamed Polygon: autoDraw = True
337.3663 	EXP 	unnamed Polygon: autoDraw = True
337.3748 	EXP 	unnamed Polygon: autoDraw = False
338.9481 	EXP 	trial_feedback: height = np.float64(0.09)
338.9481 	EXP 	trial_feedback: height = np.float64(0.09)
338.9481 	EXP 	trial_feedback: height = np.float64(0.09)
338.9481 	EXP 	trial_feedback: text = 'Miss!\n$0.00'
338.9481 	EXP 	trial_feedback: autoDraw = True
340.9369 	EXP 	trial_feedback: autoDraw = False
340.9550 	EXP 	trial_feedback: autoDraw = False
340.9550 	EXP 	exp_feedback: autoDraw = False
351.2724 	EXP 	unnamed Polygon: autoDraw = True
351.2724 	EXP 	unnamed Polygon: autoDraw = True
351.2830 	EXP 	unnamed Polygon: autoDraw = True
351.2883 	EXP 	unnamed Polygon: autoDraw = True
351.2997 	EXP 	unnamed Polygon: autoDraw = True
351.3047 	EXP 	unnamed Polygon: autoDraw = True
351.3165 	EXP 	unnamed Polygon: autoDraw = True
351.3220 	EXP 	unnamed Polygon: autoDraw = True
351.3331 	EXP 	unnamed Polygon: autoDraw = True
351.3387 	EXP 	unnamed Polygon: autoDraw = True
351.3497 	EXP 	unnamed Polygon: autoDraw = True
351.3548 	EXP 	unnamed Polygon: autoDraw = True
351.3663 	EXP 	unnamed Polygon: autoDraw = True
351.3710 	EXP 	unnamed Polygon: autoDraw = True
351.3830 	EXP 	unnamed Polygon: autoDraw = True
351.3874 	EXP 	unnamed Polygon: autoDraw = True
351.4000 	EXP 	unnamed Polygon: autoDraw = True
351.4052 	EXP 	unnamed Polygon: autoDraw = True
351.4164 	EXP 	unnamed Polygon: autoDraw = True
351.4215 	EXP 	unnamed Polygon: autoDraw = True
351.4330 	EXP 	unnamed Polygon: autoDraw = True
351.4384 	EXP 	unnamed Polygon: autoDraw = True
351.4497 	EXP 	unnamed Polygon: autoDraw = True
351.4548 	EXP 	unnamed Polygon: autoDraw = True
351.4663 	EXP 	unnamed Polygon: autoDraw = True
351.4710 	EXP 	unnamed Polygon: autoDraw = True
351.4831 	EXP 	unnamed Polygon: autoDraw = True
351.4879 	EXP 	unnamed Polygon: autoDraw = True
351.4998 	EXP 	unnamed Polygon: autoDraw = True
351.5049 	EXP 	unnamed Polygon: autoDraw = True
351.5163 	EXP 	unnamed Polygon: autoDraw = True
351.5214 	EXP 	unnamed Polygon: autoDraw = True
351.5331 	EXP 	unnamed Polygon: autoDraw = True
351.5381 	EXP 	unnamed Polygon: autoDraw = True
351.5495 	EXP 	unnamed Polygon: autoDraw = True
351.5543 	EXP 	unnamed Polygon: autoDraw = True
351.5664 	EXP 	unnamed Polygon: autoDraw = True
351.5749 	EXP 	unnamed Polygon: autoDraw = False
352.9706 	EXP 	trial_feedback: text = 'Miss!\n$0.00'
352.9706 	EXP 	trial_feedback: autoDraw = True
354.9666 	EXP 	trial_feedback: autoDraw = False
354.9728 	EXP 	trial_feedback: autoDraw = False
354.9728 	EXP 	exp_feedback: autoDraw = False
361.1888 	EXP 	unnamed Polygon: autoDraw = True
361.1888 	EXP 	unnamed Polygon: autoDraw = True
361.1995 	EXP 	unnamed Polygon: autoDraw = True
361.2041 	EXP 	unnamed Polygon: autoDraw = True
361.2155 	EXP 	unnamed Polygon: autoDraw = True
361.2197 	EXP 	unnamed Polygon: autoDraw = True
361.2321 	EXP 	unnamed Polygon: autoDraw = True
361.2364 	EXP 	unnamed Polygon: autoDraw = True
361.2498 	EXP 	unnamed Polygon: autoDraw = True
361.2546 	EXP 	unnamed Polygon: autoDraw = True
361.2666 	EXP 	unnamed Polygon: autoDraw = True
361.2721 	EXP 	unnamed Polygon: autoDraw = True
361.2832 	EXP 	unnamed Polygon: autoDraw = True
361.2885 	EXP 	unnamed Polygon: autoDraw = True
361.2996 	EXP 	unnamed Polygon: autoDraw = True
361.3041 	EXP 	unnamed Polygon: autoDraw = True
361.3163 	EXP 	unnamed Polygon: autoDraw = True
361.3209 	EXP 	unnamed Polygon: autoDraw = True
361.3331 	EXP 	unnamed Polygon: autoDraw = True
361.3376 	EXP 	unnamed Polygon: autoDraw = True
361.3497 	EXP 	unnamed Polygon: autoDraw = True
361.3541 	EXP 	unnamed Polygon: autoDraw = True
361.3654 	EXP 	unnamed Polygon: autoDraw = True
361.3698 	EXP 	unnamed Polygon: autoDraw = True
361.3820 	EXP 	unnamed Polygon: autoDraw = True
361.3871 	EXP 	unnamed Polygon: autoDraw = True
361.3997 	EXP 	unnamed Polygon: autoDraw = True
361.4047 	EXP 	unnamed Polygon: autoDraw = True
361.4165 	EXP 	unnamed Polygon: autoDraw = True
361.4215 	EXP 	unnamed Polygon: autoDraw = True
361.4320 	EXP 	unnamed Polygon: autoDraw = True
361.4364 	EXP 	unnamed Polygon: autoDraw = True
361.4497 	EXP 	unnamed Polygon: autoDraw = True
361.4547 	EXP 	unnamed Polygon: autoDraw = True
361.4665 	EXP 	unnamed Polygon: autoDraw = True
361.4714 	EXP 	unnamed Polygon: autoDraw = True
361.4832 	EXP 	unnamed Polygon: autoDraw = True
361.4880 	EXP 	unnamed Polygon: autoDraw = True
361.4998 	EXP 	unnamed Polygon: autoDraw = True
361.5081 	EXP 	unnamed Polygon: autoDraw = False
362.9713 	EXP 	trial_feedback: text = 'Miss!\n$0.00'
362.9713 	EXP 	trial_feedback: autoDraw = True
364.9666 	EXP 	trial_feedback: autoDraw = False
364.9728 	EXP 	trial_feedback: autoDraw = False
364.9728 	EXP 	exp_feedback: autoDraw = False
371.4723 	EXP 	unnamed Polygon: autoDraw = True
371.4723 	EXP 	unnamed Polygon: autoDraw = True
371.4822 	EXP 	unnamed Polygon: autoDraw = True
371.4865 	EXP 	unnamed Polygon: autoDraw = True
371.5000 	EXP 	unnamed Polygon: autoDraw = True
371.5052 	EXP 	unnamed Polygon: autoDraw = True
371.5164 	EXP 	unnamed Polygon: autoDraw = True
371.5215 	EXP 	unnamed Polygon: autoDraw = True
371.5335 	EXP 	unnamed Polygon: autoDraw = True
371.5389 	EXP 	unnamed Polygon: autoDraw = True
371.5500 	EXP 	unnamed Polygon: autoDraw = True
371.5556 	EXP 	unnamed Polygon: autoDraw = True
371.5665 	EXP 	unnamed Polygon: autoDraw = True
371.5709 	EXP 	unnamed Polygon: autoDraw = True
371.5833 	EXP 	unnamed Polygon: autoDraw = True
371.5887 	EXP 	unnamed Polygon: autoDraw = True
371.5989 	EXP 	unnamed Polygon: autoDraw = True
371.6038 	EXP 	unnamed Polygon: autoDraw = True
371.6158 	EXP 	unnamed Polygon: autoDraw = True
371.6212 	EXP 	unnamed Polygon: autoDraw = True
371.6334 	EXP 	unnamed Polygon: autoDraw = True
371.6389 	EXP 	unnamed Polygon: autoDraw = True
371.6499 	EXP 	unnamed Polygon: autoDraw = True
371.6553 	EXP 	unnamed Polygon: autoDraw = True
371.6666 	EXP 	unnamed Polygon: autoDraw = True
371.6719 	EXP 	unnamed Polygon: autoDraw = True
371.6832 	EXP 	unnamed Polygon: autoDraw = True
371.6884 	EXP 	unnamed Polygon: autoDraw = True
371.7000 	EXP 	unnamed Polygon: autoDraw = True
371.7049 	EXP 	unnamed Polygon: autoDraw = True
371.7164 	EXP 	unnamed Polygon: autoDraw = True
371.7212 	EXP 	unnamed Polygon: autoDraw = True
371.7333 	EXP 	unnamed Polygon: autoDraw = True
371.7383 	EXP 	unnamed Polygon: autoDraw = True
371.7496 	EXP 	unnamed Polygon: autoDraw = True
371.7541 	EXP 	unnamed Polygon: autoDraw = True
371.7655 	EXP 	unnamed Polygon: autoDraw = True
371.7698 	EXP 	unnamed Polygon: autoDraw = True
371.7822 	EXP 	unnamed Polygon: autoDraw = True
371.7912 	EXP 	unnamed Polygon: autoDraw = False
372.9884 	EXP 	trial_feedback: text = 'Miss!\n$0.00'
372.9884 	EXP 	trial_feedback: autoDraw = True
374.9833 	EXP 	trial_feedback: autoDraw = False
374.9890 	EXP 	trial_feedback: autoDraw = False
374.9890 	EXP 	exp_feedback: autoDraw = False
383.2716 	EXP 	unnamed Polygon: autoDraw = True
383.2716 	EXP 	unnamed Polygon: autoDraw = True
383.2833 	EXP 	unnamed Polygon: autoDraw = True
383.2884 	EXP 	unnamed Polygon: autoDraw = True
383.2998 	EXP 	unnamed Polygon: autoDraw = True
383.3044 	EXP 	unnamed Polygon: autoDraw = True
383.3165 	EXP 	unnamed Polygon: autoDraw = True
383.3211 	EXP 	unnamed Polygon: autoDraw = True
383.3321 	EXP 	unnamed Polygon: autoDraw = True
383.3367 	EXP 	unnamed Polygon: autoDraw = True
383.3501 	EXP 	unnamed Polygon: autoDraw = True
383.3557 	EXP 	unnamed Polygon: autoDraw = True
383.3665 	EXP 	unnamed Polygon: autoDraw = True
383.3717 	EXP 	unnamed Polygon: autoDraw = True
383.3832 	EXP 	unnamed Polygon: autoDraw = True
383.3883 	EXP 	unnamed Polygon: autoDraw = True
383.4001 	EXP 	unnamed Polygon: autoDraw = True
383.4051 	EXP 	unnamed Polygon: autoDraw = True
383.4167 	EXP 	unnamed Polygon: autoDraw = True
383.4217 	EXP 	unnamed Polygon: autoDraw = True
383.4333 	EXP 	unnamed Polygon: autoDraw = True
383.4386 	EXP 	unnamed Polygon: autoDraw = True
383.4499 	EXP 	unnamed Polygon: autoDraw = True
383.4543 	EXP 	unnamed Polygon: autoDraw = True
383.4666 	EXP 	unnamed Polygon: autoDraw = True
383.4715 	EXP 	unnamed Polygon: autoDraw = True
383.4835 	EXP 	unnamed Polygon: autoDraw = True
383.4890 	EXP 	unnamed Polygon: autoDraw = True
383.4999 	EXP 	unnamed Polygon: autoDraw = True
383.5058 	EXP 	unnamed Polygon: autoDraw = True
383.5166 	EXP 	unnamed Polygon: autoDraw = True
383.5215 	EXP 	unnamed Polygon: autoDraw = True
383.5332 	EXP 	unnamed Polygon: autoDraw = True
383.5377 	EXP 	unnamed Polygon: autoDraw = True
383.5491 	EXP 	unnamed Polygon: autoDraw = True
383.5534 	EXP 	unnamed Polygon: autoDraw = True
383.5668 	EXP 	unnamed Polygon: autoDraw = True
383.5721 	EXP 	unnamed Polygon: autoDraw = True
383.5834 	EXP 	unnamed Polygon: autoDraw = True
383.5925 	EXP 	unnamed Polygon: autoDraw = False
385.0036 	EXP 	trial_feedback: text = 'Miss!\n$0.00'
385.0036 	EXP 	trial_feedback: autoDraw = True
387.0002 	EXP 	trial_feedback: autoDraw = False
387.0064 	EXP 	trial_feedback: autoDraw = False
387.0064 	EXP 	exp_feedback: autoDraw = False
387.0392 	WARNING 	Escape pressed, exiting early!
387.0393 	WARNING 	Total earnings: -1.0
