loss.high,loss.low,loss.neut,reward.high,reward.low,reward.neut
0.55,0.6700000000000002,0.6300000000000001,0.6300000000000001,0.6700000000000002,0.6300000000000001
