loss.high,loss.low,loss.neut,reward.high,reward.low,reward.neut
0.4633333333333333,0.4633333333333333,0.4633333333333333,0.4633333333333333,0.4633333333333333,0.4633333333333333
